sqft,bedrooms,bathrooms,location,price
8147,5,5,Lahore,103240000
5447,4,6,Islamabad,76000000
1244,3,3,Faisalabad,10060000
1106,3,3,Karachi,13600000
2747,5,3,Karachi,27810000
1209,3,3,Rawalpindi,11660000
2146,4,3,Islamabad,26900000
1544,2,2,Karachi,16700000
990,4,3,Islamabad,14450000
1997,3,4,Lahore,23060000
1617,3,2,Peshawar,13530000
916,2,1,Lahore,11270000
1563,4,3,Lahore,20790000
2864,5,4,Islamabad,42490000
1381,3,3,Karachi,15680000
1729,3,2,Multan,11410000
1588,4,2,Lahore,19410000
1689,4,3,Multan,12310000
4503,5,4,Faisalabad,31980000
1319,3,3,Islamabad,18920000
5581,6,5,Lahore,64720000
1842,3,3,Rawalpindi,16930000
1645,3,3,Gujranwala,11590000
2076,3,4,Lahore,27640000
1384,3,2,Lahore,15900000
1094,3,3,Karachi,13610000
693,3,3,Multan,6510000
1968,4,2,Lahore,24760000
4655,5,5,Islamabad,65190000
4650,5,4,Peshawar,36130000
4675,4,4,Islamabad,58900000
2243,5,3,Karachi,26430000
3105,5,4,Lahore,37300000
1137,4,3,Islamabad,16020000
1903,4,3,Multan,14930000
2291,6,5,Islamabad,33750000
1478,4,4,Multan,11800000
1248,2,3,Lahore,15680000
2366,5,5,Multan,17900000
2007,4,3,Islamabad,28240000
1488,4,4,Lahore,19490000
2071,4,3,Karachi,24780000
1166,3,2,Multan,8600000
2105,3,2,Karachi,20350000
1376,3,2,Faisalabad,10000000
859,2,2,Rawalpindi,7940000
5474,6,6,Peshawar,43200000
950,2,1,Karachi,10960000
1801,3,3,Islamabad,24860000
3568,5,3,Gujranwala,23510000
2897,5,3,Lahore,35290000
1824,4,3,Karachi,19230000
1138,2,3,Rawalpindi,9850000
1409,2,3,Rawalpindi,12350000
2375,4,3,Gujranwala,14220000
1430,2,3,Gujranwala,9110000
732,1,2,Faisalabad,6030000
4987,5,4,Rawalpindi,44770000
2711,5,4,Peshawar,22200000
4369,5,5,Lahore,53960000
5283,5,6,Islamabad,71110000
914,3,2,Lahore,11540000
1108,3,3,Rawalpindi,10300000
2715,4,4,Peshawar,20360000
4004,4,5,Karachi,42660000
898,1,3,Rawalpindi,8200000
560,3,3,Rawalpindi,6470000
2432,5,4,Gujranwala,16440000
4488,4,5,Karachi,45600000
914,2,2,Islamabad,12030000
1532,3,4,Gujranwala,10710000
7724,5,6,Islamabad,104650000
2335,4,3,Gujranwala,16020000
5813,5,4,Karachi,59650000
1170,4,4,Karachi,15090000
2185,4,2,Rawalpindi,18680000
2191,6,5,Multan,19220000
1085,3,1,Islamabad,14360000
1331,3,3,Karachi,16640000
4503,5,6,Islamabad,60900000
1093,4,3,Faisalabad,9910000
2106,4,4,Lahore,27230000
3191,5,4,Karachi,35460000
1521,3,2,Faisalabad,12520000
1061,2,2,Islamabad,12880000
1735,3,3,Multan,12310000
3477,5,6,Faisalabad,26580000
1033,2,2,Karachi,12120000
1451,2,3,Islamabad,18400000
1604,3,2,Multan,11430000
1333,3,3,Islamabad,17480000
2440,6,5,Karachi,29190000
1513,2,2,Islamabad,20690000
1445,4,3,Lahore,19500000
1504,3,3,Islamabad,21070000
958,3,3,Islamabad,14350000
1198,2,4,Islamabad,15830000
2716,4,4,Karachi,32670000
2305,5,4,Karachi,26190000
1480,3,2,Rawalpindi,13900000
1211,2,4,Lahore,14210000
1981,3,3,Islamabad,26380000
4153,4,5,Gujranwala,26790000
1399,4,2,Multan,10870000
953,2,3,Lahore,11960000
1880,4,2,Lahore,20440000
1051,2,2,Lahore,12030000
1158,4,4,Peshawar,10760000
7871,7,5,Faisalabad,55070000
3187,4,4,Islamabad,43050000
1458,3,3,Lahore,17160000
5220,5,5,Lahore,58690000
1364,3,4,Karachi,17890000
1970,3,4,Lahore,24410000
1444,3,3,Rawalpindi,13280000
2536,5,4,Multan,17310000
2043,4,4,Islamabad,28780000
2612,5,3,Islamabad,33240000
3067,5,4,Lahore,38920000
915,3,4,Lahore,13670000
2633,3,4,Islamabad,35200000
2044,4,2,Multan,14240000
2377,5,4,Karachi,26360000
861,2,2,Karachi,10680000
1106,3,4,Islamabad,14750000
1276,3,3,Lahore,17320000
685,4,3,Islamabad,11470000
1819,3,4,Karachi,19270000
1904,4,4,Karachi,21990000
1351,3,2,Lahore,15530000
1104,4,3,Peshawar,11200000
1008,3,3,Islamabad,14080000
1593,2,2,Islamabad,22340000
2510,5,3,Lahore,30490000
1537,4,3,Islamabad,22210000
1508,2,2,Rawalpindi,12860000
915,2,3,Lahore,10670000
1183,3,3,Faisalabad,9140000
839,3,4,Rawalpindi,10540000
842,3,2,Peshawar,8360000
911,2,2,Karachi,9420000
2727,4,4,Islamabad,37410000
4617,5,5,Islamabad,58150000
2822,5,4,Rawalpindi,27250000
3395,5,4,Islamabad,42080000
2794,5,4,Islamabad,36300000
1116,3,3,Lahore,15010000
3984,4,5,Rawalpindi,36310000
1362,2,2,Karachi,14700000
843,2,2,Islamabad,13070000
2972,5,4,Lahore,37010000
835,1,2,Lahore,10100000
2943,5,5,Faisalabad,24300000
2028,3,3,Lahore,23770000
633,3,3,Multan,6720000
1908,4,4,Gujranwala,13440000
1769,3,3,Islamabad,23440000
2645,5,4,Lahore,30670000
1980,4,2,Lahore,24310000
866,3,2,Faisalabad,8130000
1230,3,3,Gujranwala,9780000
7054,6,6,Faisalabad,55710000
581,2,1,Lahore,6890000
843,2,2,Islamabad,11980000
5090,6,5,Lahore,58480000
1401,3,3,Rawalpindi,13690000
1204,3,3,Lahore,14510000
8920,6,5,Islamabad,117680000
1410,3,3,Faisalabad,10320000
4132,6,6,Islamabad,55150000
2983,4,4,Faisalabad,24740000
1351,2,2,Lahore,17180000
846,2,2,Rawalpindi,8750000
1530,3,4,Faisalabad,13920000
2146,4,3,Peshawar,17810000
2653,5,4,Rawalpindi,24630000
2731,4,4,Islamabad,39510000
6140,6,6,Rawalpindi,56710000
899,3,2,Peshawar,8970000
4232,5,5,Rawalpindi,37840000
2258,3,4,Islamabad,27530000
6941,6,5,Gujranwala,43290000
1751,3,3,Islamabad,23570000
6051,5,6,Lahore,60880000
1420,3,3,Rawalpindi,12990000
1522,3,3,Gujranwala,10410000
1348,4,2,Lahore,16820000
599,3,2,Lahore,9210000
1445,3,4,Gujranwala,10830000
1958,4,3,Peshawar,16730000
714,2,2,Islamabad,11410000
2152,4,3,Islamabad,27960000
759,2,2,Islamabad,9250000
3919,5,6,Rawalpindi,35220000
2351,4,2,Islamabad,32730000
1825,3,2,Lahore,20070000
1209,3,1,Lahore,14710000
1129,1,3,Islamabad,15940000
2109,4,4,Islamabad,29710000
3246,5,4,Lahore,38360000
2459,6,3,Karachi,27290000
1490,3,3,Gujranwala,9960000
2735,4,4,Karachi,30410000
798,3,2,Islamabad,10650000
1053,4,2,Peshawar,8880000
2405,4,4,Faisalabad,17940000
1523,4,2,Multan,10140000
1712,4,4,Rawalpindi,17040000
1353,3,4,Islamabad,20690000
2244,3,3,Karachi,21800000
1036,3,2,Gujranwala,8130000
1923,4,4,Gujranwala,12460000
1735,2,2,Karachi,19310000
2591,6,5,Islamabad,41050000
4344,5,4,Karachi,46560000
4939,5,5,Karachi,53540000
1033,2,2,Islamabad,14360000
2232,4,3,Karachi,23230000
725,3,1,Gujranwala,6260000
2780,5,4,Rawalpindi,25960000
2231,4,3,Faisalabad,18130000
1990,5,2,Lahore,22660000
1440,3,3,Gujranwala,10320000
1657,4,3,Faisalabad,12410000
1322,3,2,Peshawar,10990000
1758,3,3,Lahore,19630000
1770,3,3,Lahore,22070000
3000,4,5,Lahore,40010000
1615,3,3,Lahore,22020000
3023,5,5,Faisalabad,23720000
4047,5,5,Islamabad,53450000
1404,3,3,Lahore,18470000
1114,2,3,Rawalpindi,10460000
1719,4,3,Islamabad,24290000
1967,3,3,Gujranwala,13760000
1914,4,2,Gujranwala,12580000
1049,3,3,Rawalpindi,10230000
1191,3,3,Faisalabad,10200000
1518,3,2,Karachi,17250000
2189,4,3,Islamabad,33470000
1658,4,3,Karachi,21070000
8068,6,5,Rawalpindi,77570000
4150,5,5,Islamabad,52300000
1970,5,3,Islamabad,24860000
1666,4,3,Karachi,17860000
2437,5,5,Karachi,28150000
2787,4,4,Islamabad,34220000
1632,4,2,Peshawar,13960000
1663,3,3,Lahore,19870000
2773,5,4,Islamabad,37420000
1163,2,4,Islamabad,15190000
1084,3,3,Karachi,11440000
1924,4,4,Multan,14210000
2452,4,4,Faisalabad,19860000
2731,5,5,Islamabad,37670000
4484,5,5,Islamabad,62980000
1580,4,2,Islamabad,21300000
861,3,2,Islamabad,12980000
1618,4,2,Lahore,19170000
1835,3,4,Rawalpindi,18550000
2474,5,3,Islamabad,33000000
7936,6,6,Karachi,93970000
1018,3,3,Karachi,12340000
2489,4,4,Faisalabad,16030000
554,1,1,Peshawar,4510000
2713,4,4,Gujranwala,18160000
2709,4,4,Karachi,28260000
1488,4,3,Peshawar,11720000
6830,6,6,Multan,47970000
3582,5,5,Lahore,40460000
1909,3,3,Rawalpindi,16360000
2573,4,3,Karachi,28450000
2181,5,4,Gujranwala,14470000
1656,3,2,Rawalpindi,15410000
8496,6,6,Islamabad,110880000
1115,2,2,Lahore,13550000
6856,7,6,Islamabad,98710000
2935,4,4,Karachi,34260000
1098,3,3,Multan,7760000
1304,4,3,Gujranwala,9770000
2653,5,4,Lahore,32120000
2985,4,4,Faisalabad,23640000
4739,6,4,Gujranwala,28310000
2843,5,4,Karachi,35070000
2126,4,3,Lahore,25620000
1837,5,2,Islamabad,24060000
2241,5,4,Karachi,26550000
693,3,2,Karachi,9340000
994,3,2,Lahore,12160000
2809,5,4,Karachi,33240000
544,2,1,Rawalpindi,5920000
1730,4,3,Karachi,20100000
2207,4,4,Karachi,25860000
815,2,2,Karachi,9330000
1557,4,3,Peshawar,13270000
1738,4,4,Islamabad,25440000
1665,2,3,Rawalpindi,15250000
1831,2,3,Faisalabad,14600000
878,2,3,Lahore,9980000
1488,3,3,Lahore,17340000
844,2,2,Islamabad,13090000
1110,3,3,Peshawar,10180000
829,2,1,Gujranwala,5510000
1588,3,3,Multan,10900000
1172,4,4,Islamabad,18650000
1920,5,2,Islamabad,27180000
1558,2,3,Lahore,16710000
5884,5,5,Karachi,68380000
1410,3,2,Lahore,17810000
2790,5,3,Faisalabad,20500000
2030,4,3,Karachi,24030000
1906,5,3,Rawalpindi,17420000
2461,4,4,Islamabad,31750000
1996,5,4,Peshawar,17030000
2164,4,3,Lahore,25330000
1772,4,4,Islamabad,26640000
2175,4,3,Lahore,24540000
1376,2,3,Peshawar,11730000
1276,2,4,Peshawar,10700000
1875,2,4,Rawalpindi,15700000
1876,5,3,Faisalabad,15700000
1313,2,2,Rawalpindi,12330000
2073,3,3,Karachi,23110000
4601,5,5,Islamabad,66430000
1871,5,5,Karachi,21870000
1570,2,2,Lahore,18330000
1763,3,3,Islamabad,23350000
2881,5,3,Lahore,33510000
1243,2,4,Rawalpindi,12160000
3068,5,4,Lahore,33090000
1488,4,3,Lahore,18660000
2022,4,3,Peshawar,16230000
1636,3,3,Islamabad,22110000
742,2,3,Gujranwala,6020000
4807,5,6,Lahore,55080000
6564,7,6,Islamabad,95300000
923,1,1,Faisalabad,7140000
2139,4,3,Islamabad,26130000
1040,3,1,Peshawar,9540000
1377,2,4,Islamabad,20390000
1045,3,2,Karachi,12680000
1196,3,3,Karachi,12640000
1763,3,3,Multan,13390000
1826,4,3,Lahore,20830000
1913,4,2,Gujranwala,13820000
1207,2,3,Lahore,14460000
1008,3,3,Gujranwala,7870000
1807,5,3,Lahore,21280000
1319,2,3,Karachi,15420000
1629,3,3,Islamabad,22220000
708,2,2,Gujranwala,4940000
2087,6,5,Multan,17640000
753,2,1,Faisalabad,6020000
2612,5,4,Rawalpindi,22800000
1327,2,3,Islamabad,18100000
1572,4,2,Gujranwala,11740000
5071,5,4,Rawalpindi,44590000
621,1,2,Multan,4740000
1735,3,3,Lahore,20560000
3107,5,4,Lahore,37350000
1610,3,3,Rawalpindi,14270000
4419,5,5,Faisalabad,33900000
2209,4,2,Lahore,27190000
788,1,1,Karachi,8730000
1731,4,3,Rawalpindi,16130000
1529,5,3,Rawalpindi,14820000
755,2,3,Rawalpindi,7940000
832,1,1,Lahore,9050000
2068,3,4,Peshawar,16370000
5203,6,5,Lahore,61860000
967,3,2,Gujranwala,6770000
2091,4,3,Karachi,24090000
1317,3,4,Lahore,16140000
1091,3,3,Karachi,13390000
1635,3,2,Karachi,20070000
1378,2,3,Lahore,14770000
3154,4,4,Multan,21300000
2968,6,3,Islamabad,39410000
8626,6,6,Karachi,95330000
1211,3,3,Lahore,16330000
4467,6,5,Karachi,50250000
7302,7,6,Karachi,80350000
4856,5,6,Faisalabad,29370000
2237,4,2,Islamabad,31380000
1203,3,4,Lahore,16250000
8453,6,5,Islamabad,118630000
2463,5,4,Peshawar,20910000
2860,4,4,Rawalpindi,27110000
1191,3,2,Islamabad,16350000
3363,4,5,Faisalabad,25260000
2076,5,4,Peshawar,17010000
4997,5,5,Faisalabad,35730000
1917,4,3,Lahore,23260000
2688,5,5,Islamabad,37570000
3042,6,5,Islamabad,39670000
2017,4,3,Karachi,21980000
745,2,2,Lahore,9470000
1801,5,2,Islamabad,25150000
2456,5,4,Lahore,28970000
1425,3,4,Faisalabad,12030000
7765,6,6,Lahore,87780000
3106,6,4,Rawalpindi,30620000
2472,5,4,Gujranwala,16540000
1360,3,3,Islamabad,19640000
1232,3,3,Lahore,15160000
4873,5,6,Faisalabad,33330000
2098,4,4,Lahore,26440000
1062,3,2,Peshawar,10150000
1223,2,3,Multan,8840000
2628,5,4,Lahore,29450000
1894,5,3,Karachi,21670000
1538,3,4,Rawalpindi,15420000
984,1,2,Islamabad,13390000
1385,3,3,Islamabad,21050000
1401,4,2,Islamabad,19610000
2630,5,4,Multan,20440000
1334,3,3,Islamabad,16810000
7520,7,5,Islamabad,103750000
1266,3,3,Lahore,15340000
949,2,2,Karachi,11600000
1301,3,4,Lahore,16910000
682,1,3,Rawalpindi,7720000
1865,2,3,Karachi,20100000
1236,3,2,Faisalabad,10760000
1252,4,2,Karachi,15360000
5901,6,6,Gujranwala,37850000
2027,4,2,Islamabad,27150000
3007,5,3,Karachi,30450000
2594,4,4,Karachi,28790000
1047,3,4,Multan,9310000
762,2,2,Peshawar,6750000
1546,4,2,Islamabad,21060000
1714,4,4,Peshawar,14360000
1188,3,3,Karachi,14790000
1363,3,2,Rawalpindi,11850000
1258,4,3,Islamabad,19040000
2385,4,3,Karachi,26440000
4386,5,5,Multan,30930000
1046,3,4,Karachi,13510000
500,3,3,Lahore,8030000
2992,4,5,Lahore,37600000
1233,2,3,Karachi,13930000
1191,4,2,Islamabad,17080000
1529,3,4,Lahore,17480000
1658,4,2,Karachi,17630000
4141,5,5,Lahore,52210000
1650,4,3,Islamabad,23720000
980,2,2,Gujranwala,6160000
1249,2,3,Peshawar,12270000
2591,6,4,Faisalabad,22940000
5003,4,5,Peshawar,36400000
7939,6,6,Lahore,97420000
1572,4,3,Gujranwala,11010000
546,2,3,Lahore,7680000
7507,6,7,Karachi,79990000
1858,4,5,Islamabad,28150000
1533,3,3,Islamabad,20540000
2263,5,2,Lahore,27000000
500,2,2,Rawalpindi,5760000
1202,2,3,Rawalpindi,12300000
1080,2,3,Lahore,14180000
2235,3,3,Gujranwala,15310000
657,2,3,Peshawar,6190000
1830,4,3,Islamabad,23780000
985,3,3,Karachi,11720000
1411,3,2,Lahore,16740000
6953,6,6,Islamabad,92760000
1562,3,3,Rawalpindi,13510000
1614,4,2,Lahore,19610000
4830,5,5,Islamabad,65890000
2628,5,4,Rawalpindi,24150000
8624,5,6,Karachi,93150000
845,1,2,Gujranwala,5500000
1250,3,2,Multan,8290000
1512,4,2,Karachi,18040000
4029,5,4,Islamabad,51460000
2104,4,2,Islamabad,30560000
2919,6,4,Gujranwala,20280000
2160,4,2,Lahore,26280000
5143,5,5,Lahore,67700000
1830,4,2,Multan,14000000
1858,4,2,Rawalpindi,16080000
1263,3,3,Faisalabad,10440000
1752,4,3,Islamabad,26330000
1557,4,3,Islamabad,22320000
1088,3,3,Islamabad,14940000
1480,3,4,Lahore,18880000
1381,4,4,Gujranwala,9330000
1403,2,4,Islamabad,22840000
2888,5,4,Rawalpindi,27200000
2942,5,3,Islamabad,37250000
1045,2,1,Islamabad,14510000
708,1,1,Islamabad,8530000
1486,4,4,Karachi,17370000
1424,4,3,Rawalpindi,12440000
701,4,3,Rawalpindi,8650000
664,2,1,Karachi,7840000
1574,3,3,Rawalpindi,14390000
1374,2,2,Lahore,14690000
906,3,3,Lahore,13270000
2228,4,2,Faisalabad,15840000
4019,5,6,Faisalabad,30050000
1572,4,2,Multan,9920000
1090,2,3,Rawalpindi,10120000
1201,3,2,Karachi,12810000
2169,4,2,Lahore,26960000
1839,5,3,Lahore,22610000
941,2,2,Karachi,11720000
2022,4,3,Faisalabad,14830000
1434,4,3,Islamabad,20960000
1957,4,2,Karachi,22850000
2380,5,3,Karachi,25730000
1363,2,2,Lahore,16480000
1487,3,3,Rawalpindi,14810000
1402,3,3,Rawalpindi,13750000
2905,5,4,Islamabad,36180000
2441,4,4,Faisalabad,19330000
1447,2,3,Lahore,15350000
4302,6,6,Lahore,53110000
2907,4,3,Faisalabad,19200000
1549,4,4,Gujranwala,12030000
646,1,2,Lahore,7730000
2224,4,2,Peshawar,15980000
2016,4,3,Peshawar,17500000
1943,4,3,Faisalabad,15170000
1484,4,4,Rawalpindi,13670000
2087,4,2,Lahore,25480000
2296,6,3,Karachi,28860000
3124,5,3,Karachi,36940000
2068,4,3,Rawalpindi,17900000
1748,4,4,Faisalabad,15140000
1141,3,3,Gujranwala,8420000
5553,5,4,Lahore,69500000
1408,4,4,Islamabad,19600000
1517,3,4,Rawalpindi,13920000
900,3,2,Gujranwala,7270000
746,3,3,Faisalabad,7290000
4376,4,4,Faisalabad,29660000
1752,3,2,Lahore,19830000
2695,5,4,Gujranwala,18530000
1238,3,3,Lahore,15030000
969,1,2,Rawalpindi,8240000
1352,3,3,Faisalabad,10440000
886,1,2,Faisalabad,7730000
1875,4,4,Lahore,21750000
1794,3,3,Islamabad,23720000
4736,6,6,Peshawar,33120000
1347,3,3,Multan,9290000
3100,5,4,Karachi,33640000
2622,6,3,Karachi,29190000
2565,4,3,Karachi,27790000
1965,3,3,Lahore,21320000
1222,4,4,Lahore,17000000
1093,2,1,Karachi,11410000
2507,5,3,Karachi,28850000
3996,4,6,Lahore,43940000
1708,4,3,Peshawar,14810000
1619,4,4,Islamabad,22150000
1717,4,3,Karachi,20300000
6973,7,5,Karachi,83370000
1395,3,4,Islamabad,17290000
1274,5,2,Karachi,17210000
1217,3,3,Islamabad,17590000
1247,3,2,Islamabad,18450000
1531,4,3,Peshawar,14730000
869,2,1,Islamabad,12580000
868,3,2,Lahore,11340000
3067,6,5,Rawalpindi,27870000
1579,4,3,Peshawar,14770000
522,2,3,Lahore,7430000
1520,2,2,Multan,9970000
1925,4,3,Islamabad,21600000
2906,6,5,Rawalpindi,29880000
660,2,3,Peshawar,7270000
5181,5,4,Multan,31360000
1665,2,3,Islamabad,21730000
881,3,3,Karachi,11170000
1032,2,2,Islamabad,14140000
4658,5,6,Rawalpindi,44490000
1329,3,3,Lahore,16380000
9016,5,6,Islamabad,127610000
901,2,3,Karachi,10040000
5592,5,5,Faisalabad,38080000
2066,4,3,Rawalpindi,17370000
2682,5,4,Lahore,34430000
980,4,2,Faisalabad,7360000
2555,5,4,Lahore,32660000
888,2,1,Multan,6400000
1473,4,3,Karachi,16380000
657,2,3,Rawalpindi,7140000
992,2,3,Rawalpindi,8510000
1488,3,3,Faisalabad,11320000
2497,5,3,Lahore,29850000
2682,4,5,Islamabad,35370000
1798,4,2,Karachi,20110000
4635,5,5,Multan,32060000
1680,4,4,Peshawar,16280000
3200,5,4,Islamabad,43480000
1345,3,3,Multan,10880000
1336,3,3,Karachi,15930000
2668,5,4,Rawalpindi,25380000
1179,2,1,Gujranwala,7780000
1036,3,3,Multan,8760000
1284,3,4,Lahore,15090000
1622,2,2,Islamabad,23200000
2916,6,4,Islamabad,39240000
500,1,2,Islamabad,7820000
2684,5,4,Islamabad,36580000
2185,4,4,Gujranwala,13920000
1870,5,4,Lahore,22540000
1332,3,4,Lahore,15860000
633,3,3,Islamabad,10120000
1692,3,2,Karachi,18860000
1071,3,2,Islamabad,13480000
1123,3,3,Islamabad,16720000
3898,5,4,Multan,24830000
3111,5,3,Rawalpindi,28410000
1060,2,4,Peshawar,10090000
8392,7,6,Islamabad,127850000
1439,4,3,Karachi,15150000
1406,4,3,Faisalabad,12180000
659,2,2,Peshawar,5880000
1030,2,2,Faisalabad,8280000
2120,4,3,Karachi,26210000
1097,3,3,Peshawar,10360000
906,3,1,Lahore,10440000
1554,3,3,Peshawar,12830000
635,2,1,Islamabad,9950000
1955,4,3,Lahore,24580000
516,3,2,Islamabad,9070000
2811,5,5,Islamabad,34380000
2867,5,3,Peshawar,22840000
1656,3,2,Lahore,20840000
1526,3,2,Peshawar,13650000
2812,4,4,Islamabad,39160000
2353,5,3,Peshawar,20770000
4547,5,4,Karachi,50870000
969,3,2,Karachi,12640000
1133,3,3,Lahore,12160000
2237,5,4,Karachi,24160000
1444,2,3,Rawalpindi,12340000
2932,5,4,Rawalpindi,27170000
1881,4,2,Rawalpindi,15990000
7446,6,6,Islamabad,95230000
889,2,1,Islamabad,11260000
2719,5,4,Rawalpindi,24040000
2376,4,3,Lahore,28620000
1485,3,4,Karachi,19290000
1103,3,3,Islamabad,17070000
2103,4,2,Peshawar,16410000
6906,6,6,Karachi,75360000
1554,3,4,Islamabad,19540000
1182,3,2,Lahore,16020000
4740,4,5,Faisalabad,34160000
1395,3,3,Rawalpindi,12440000
3586,6,4,Islamabad,52030000
2393,5,5,Lahore,29430000
1341,3,3,Lahore,16330000
4803,6,4,Islamabad,70060000
2047,4,4,Karachi,24210000
4761,5,6,Islamabad,54370000
1697,4,3,Rawalpindi,15690000
1018,2,1,Lahore,11820000
935,2,2,Karachi,10990000
2033,4,3,Peshawar,17630000
9500,6,6,Lahore,118360000
1396,3,3,Karachi,15520000
1866,3,2,Lahore,20320000
1328,3,3,Lahore,15730000
2727,4,3,Lahore,29160000
1947,5,2,Karachi,23440000
885,2,1,Islamabad,10910000
2538,4,3,Gujranwala,15980000
1684,5,3,Islamabad,22110000
1045,1,1,Gujranwala,5320000
1809,4,2,Rawalpindi,13900000
1742,3,3,Lahore,21340000
949,2,2,Lahore,11070000
4390,5,5,Karachi,47020000
1371,3,3,Gujranwala,9750000
8000,6,6,Lahore,90800000
2030,5,2,Karachi,23550000
1105,2,2,Rawalpindi,8750000
656,1,1,Gujranwala,4590000
4150,5,5,Gujranwala,24320000
1734,2,3,Lahore,22100000
2103,3,3,Karachi,21840000
2163,4,3,Peshawar,16270000
1566,4,3,Peshawar,13460000
1347,4,2,Karachi,15710000
4432,4,5,Karachi,44200000
1599,2,2,Karachi,17120000
1967,5,3,Faisalabad,16700000
3737,5,4,Peshawar,29520000
1891,3,3,Lahore,23820000
864,2,2,Islamabad,11130000
3147,6,3,Lahore,38290000
5882,5,5,Islamabad,71630000
6526,7,5,Multan,45980000
4005,4,6,Lahore,44500000
3032,5,4,Karachi,32110000
1368,4,3,Lahore,17350000
2325,5,4,Peshawar,19140000
865,3,3,Karachi,11090000
974,2,3,Peshawar,8250000
1465,4,2,Multan,11060000
1235,3,2,Gujranwala,8490000
1424,3,4,Lahore,17930000
2897,6,4,Faisalabad,21510000
1948,3,3,Lahore,25650000
5215,5,6,Faisalabad,35190000
1617,3,3,Gujranwala,11520000
1378,3,4,Faisalabad,11500000
1404,2,3,Lahore,17720000
2282,5,3,Karachi,25580000
3207,5,5,Islamabad,46420000
1036,1,3,Peshawar,8310000
1625,5,3,Rawalpindi,15280000
1466,3,3,Peshawar,12320000
2203,4,3,Lahore,25610000
7318,6,6,Islamabad,98760000
1204,4,3,Lahore,16110000
2157,4,3,Lahore,24110000
8293,6,5,Karachi,90670000
1181,2,2,Lahore,14210000
3902,5,5,Peshawar,30280000
1724,3,4,Lahore,21190000
1100,2,2,Lahore,12610000
1983,4,4,Rawalpindi,18680000
1416,4,2,Peshawar,12080000
1526,3,4,Rawalpindi,14200000
1164,2,2,Islamabad,14910000
902,4,4,Karachi,11500000
1322,3,3,Karachi,15100000
2846,4,3,Islamabad,35680000
1405,2,4,Multan,11170000
4654,4,5,Lahore,52470000
4401,5,5,Peshawar,34520000
1055,3,2,Lahore,13180000
2096,4,2,Lahore,25470000
597,1,2,Karachi,6240000
7117,5,6,Gujranwala,42940000
770,3,2,Gujranwala,6390000
1065,2,4,Peshawar,9890000
5209,4,5,Multan,34620000
1608,4,4,Lahore,19660000
727,2,2,Lahore,8810000
3156,5,4,Rawalpindi,27560000
1684,2,3,Faisalabad,11640000
570,2,1,Lahore,7440000
1358,2,3,Islamabad,18150000
1439,4,3,Multan,12300000
1085,3,3,Karachi,11980000
3100,4,4,Gujranwala,19860000
1435,3,3,Karachi,16660000
810,4,3,Gujranwala,7410000
2400,6,4,Peshawar,18170000
5336,6,6,Peshawar,43510000
1183,2,2,Lahore,13020000
2075,4,2,Lahore,23000000
2120,6,4,Lahore,26390000
1597,3,3,Gujranwala,10810000
1294,2,2,Lahore,14630000
1600,3,2,Gujranwala,10700000
2166,5,3,Peshawar,18790000
1795,5,3,Lahore,21140000
1776,5,2,Lahore,22700000
2608,4,4,Peshawar,19210000
1725,3,3,Karachi,18570000
4061,6,5,Karachi,50310000
1717,4,3,Multan,12990000
1780,4,4,Karachi,19440000
4803,4,5,Peshawar,39530000
2845,4,3,Rawalpindi,23230000
3489,5,4,Islamabad,44600000
843,3,2,Karachi,10420000
1770,3,2,Karachi,19680000
1489,4,3,Gujranwala,11240000
752,1,2,Islamabad,10580000
653,1,1,Peshawar,5150000
834,3,2,Faisalabad,7190000
1283,2,2,Karachi,12830000
693,2,3,Lahore,9170000
5459,5,5,Gujranwala,34950000
1657,4,4,Karachi,20750000
1961,4,2,Islamabad,27520000
4920,4,4,Lahore,65190000
1175,3,4,Gujranwala,9290000
1142,2,3,Karachi,13490000
3929,5,4,Rawalpindi,35170000
2244,4,4,Multan,17080000
1248,3,3,Karachi,14800000
7111,6,6,Islamabad,94730000
2293,5,2,Karachi,25130000
5183,4,6,Karachi,54980000
3840,6,5,Peshawar,33350000
2958,5,3,Lahore,33160000
1697,4,3,Lahore,21700000
1309,4,2,Faisalabad,10990000
3343,5,4,Lahore,35380000
801,1,2,Lahore,8330000
1041,1,2,Lahore,11960000
1176,3,2,Rawalpindi,12280000
1866,5,3,Rawalpindi,17490000
4871,5,6,Karachi,58800000
2016,4,2,Karachi,22080000
1925,4,4,Faisalabad,14790000
2460,6,4,Lahore,30250000
1770,3,2,Lahore,21330000
2102,4,4,Lahore,25010000
1357,2,4,Multan,10290000
2831,5,3,Karachi,30300000
754,2,2,Islamabad,11000000
929,2,2,Karachi,10830000
1634,4,4,Karachi,17580000
1973,4,3,Karachi,20780000
7610,5,5,Lahore,84780000
1642,3,3,Karachi,17230000
4978,6,4,Gujranwala,27340000
4527,4,5,Faisalabad,33580000
2849,5,4,Karachi,28430000
7494,6,5,Islamabad,108590000
2830,5,4,Karachi,31710000
969,3,3,Peshawar,8450000
1983,6,3,Karachi,24690000
1949,4,4,Lahore,26780000
4625,6,5,Karachi,47710000
1337,3,4,Rawalpindi,12560000
8259,7,6,Lahore,95810000
1563,4,2,Lahore,19820000
1020,3,3,Islamabad,13940000
1342,3,3,Islamabad,19150000
1649,3,2,Gujranwala,11280000
1151,2,3,Rawalpindi,11280000
2126,4,5,Islamabad,29310000
1661,3,2,Islamabad,20100000
1254,3,2,Lahore,13840000
1202,2,3,Lahore,15080000
2048,5,3,Lahore,25360000
1398,2,3,Rawalpindi,12470000
2414,6,4,Lahore,31460000
2992,5,5,Karachi,31420000
2055,5,4,Islamabad,29780000
5669,5,4,Karachi,64900000
1617,4,3,Lahore,19120000
2021,3,3,Lahore,24410000
2842,6,4,Faisalabad,21180000
1742,4,2,Rawalpindi,16000000
1086,3,3,Karachi,13260000
500,1,2,Islamabad,8130000
2453,4,3,Faisalabad,18520000
712,3,2,Lahore,8780000
2849,5,4,Faisalabad,21080000
6599,7,5,Lahore,72710000
2914,5,3,Rawalpindi,27670000
7374,5,6,Rawalpindi,67690000
2452,5,4,Faisalabad,19220000
1978,3,4,Multan,12400000
2310,4,3,Lahore,25210000
1447,2,3,Lahore,16080000
3431,4,5,Faisalabad,21980000
1653,4,2,Faisalabad,12710000
1497,2,4,Karachi,17670000
1140,3,3,Karachi,13750000
1647,2,2,Islamabad,21790000
2257,5,4,Karachi,23940000
3195,5,4,Islamabad,47830000
1572,4,3,Lahore,19800000
914,2,2,Islamabad,13630000
2535,5,4,Rawalpindi,24560000
611,2,1,Gujranwala,4590000
2026,4,4,Lahore,23610000
1723,4,3,Islamabad,23220000
817,4,3,Peshawar,8060000
964,4,3,Lahore,13460000
988,1,3,Multan,7230000
3787,4,5,Karachi,43890000
814,2,1,Islamabad,10420000
1753,4,3,Islamabad,25800000
2164,4,4,Rawalpindi,21010000
2050,4,4,Multan,14200000
3016,4,4,Gujranwala,18400000
1099,3,3,Multan,9840000
4722,5,4,Peshawar,37160000
5335,5,5,Lahore,64560000
1108,4,2,Islamabad,16400000
1135,2,4,Rawalpindi,11360000
3060,6,5,Lahore,34190000
2481,5,5,Karachi,28160000
614,1,3,Lahore,8840000
1412,4,3,Faisalabad,11210000
1615,2,3,Faisalabad,12710000
959,3,2,Rawalpindi,8310000
1465,4,3,Faisalabad,13200000
1572,3,2,Rawalpindi,13920000
1531,3,3,Faisalabad,11480000
8941,5,5,Islamabad,117870000
2243,3,3,Islamabad,24610000
1138,4,3,Rawalpindi,12430000
1634,3,3,Lahore,19900000
1696,4,3,Faisalabad,11250000
5482,6,7,Lahore,53610000
2091,4,2,Faisalabad,17120000
1297,4,3,Karachi,16310000
1805,3,3,Rawalpindi,15420000
2493,5,5,Karachi,27980000
1145,4,3,Rawalpindi,11960000
2044,4,3,Lahore,22660000
3064,4,4,Peshawar,24230000
8971,6,5,Lahore,100880000
999,2,4,Lahore,12460000
1597,2,2,Gujranwala,10160000
1937,4,3,Peshawar,15460000
2950,5,4,Peshawar,23470000
4134,6,6,Karachi,48040000
9500,6,5,Lahore,119870000
994,2,3,Gujranwala,7340000
1875,3,3,Islamabad,20380000
2244,5,3,Karachi,25360000
1662,4,3,Faisalabad,13460000
2720,5,4,Faisalabad,21490000
1639,4,4,Islamabad,23450000
802,3,1,Faisalabad,6640000
550,2,1,Rawalpindi,5970000
1527,2,4,Rawalpindi,14470000
613,2,2,Karachi,7570000
2093,4,3,Islamabad,28410000
1571,5,4,Faisalabad,11230000
2048,3,3,Lahore,23250000
1293,4,3,Karachi,15300000
2045,4,3,Islamabad,24540000
6104,6,6,Karachi,64440000
1716,3,3,Peshawar,13560000
2842,5,4,Lahore,33090000
4405,5,4,Lahore,50010000
4462,6,5,Islamabad,61170000
3067,4,3,Lahore,32500000
8087,6,6,Islamabad,114380000
1697,3,2,Islamabad,21680000
987,2,3,Islamabad,13850000
1219,3,3,Karachi,14830000
5208,4,4,Rawalpindi,50670000
1024,1,3,Islamabad,14650000
1188,3,3,Islamabad,15540000
7646,5,7,Lahore,86620000
1526,3,3,Karachi,17600000
1189,2,2,Karachi,13900000
1644,4,4,Rawalpindi,16590000
695,3,2,Lahore,10340000
4006,5,4,Islamabad,49480000
512,2,3,Karachi,6710000
1103,3,3,Islamabad,15540000
1426,2,4,Islamabad,18680000
1566,3,2,Peshawar,12610000
3260,6,5,Lahore,42090000
1182,2,2,Multan,8410000
2540,5,3,Islamabad,34920000
1069,2,2,Lahore,10980000
1360,4,2,Faisalabad,11970000
2076,3,3,Lahore,23680000
1678,5,2,Karachi,17920000
2136,4,3,Faisalabad,17290000
1347,2,3,Faisalabad,10730000
1196,3,3,Gujranwala,8720000
1742,3,3,Peshawar,14010000
1704,3,3,Lahore,20270000
1431,3,3,Rawalpindi,13400000
888,2,2,Rawalpindi,9700000
1331,3,2,Islamabad,18780000
3004,5,4,Islamabad,48250000
911,3,3,Islamabad,13350000
2426,5,5,Rawalpindi,22910000
2723,4,4,Karachi,29650000
5395,7,6,Multan,41390000
1844,4,3,Islamabad,22910000
1682,3,3,Lahore,19920000
4938,6,6,Multan,34660000
2555,4,3,Rawalpindi,21720000
1848,4,3,Lahore,21080000
841,3,4,Gujranwala,7530000
4704,4,6,Rawalpindi,40490000
1537,2,3,Lahore,17880000
1276,3,4,Faisalabad,10110000
1893,3,3,Peshawar,15330000
1512,3,4,Karachi,16030000
2000,4,2,Multan,15040000
2186,5,3,Islamabad,34260000
1353,5,2,Islamabad,18700000
1331,3,3,Rawalpindi,12510000
1168,4,3,Gujranwala,9290000
2819,5,5,Rawalpindi,26280000
635,2,2,Karachi,7940000
842,3,2,Rawalpindi,7960000
2087,5,3,Karachi,25070000
798,2,2,Gujranwala,5850000
795,1,3,Lahore,9780000
4761,4,5,Peshawar,37900000
2087,6,4,Faisalabad,17640000
1186,3,2,Gujranwala,8010000
8533,6,7,Islamabad,114280000
825,2,3,Multan,6710000
2055,5,3,Karachi,22840000
877,1,2,Karachi,11310000
1872,4,3,Lahore,22430000
696,1,2,Lahore,7780000
1497,3,3,Islamabad,22830000
893,3,2,Karachi,10580000
1789,4,3,Lahore,21830000
961,2,2,Karachi,10580000
3992,4,5,Lahore,48460000
2614,4,4,Multan,19030000
871,3,2,Karachi,9980000
2836,4,4,Faisalabad,20510000
2630,5,4,Karachi,28050000
1510,3,3,Faisalabad,12640000
911,2,2,Lahore,12420000
1869,4,3,Multan,12860000
4140,6,6,Karachi,42110000
3920,5,5,Rawalpindi,33760000
1256,3,3,Lahore,14850000
2828,5,4,Lahore,34280000
1068,2,1,Islamabad,13570000
3698,5,5,Islamabad,52050000
1257,3,2,Rawalpindi,12320000
1166,3,2,Lahore,14240000
3367,5,4,Rawalpindi,30770000
1753,3,3,Faisalabad,13800000
2751,5,5,Karachi,32780000
1574,4,3,Islamabad,22810000
1170,3,2,Islamabad,15290000
1158,3,2,Faisalabad,9490000
2115,6,4,Gujranwala,15370000
2225,4,4,Islamabad,30830000
945,2,1,Rawalpindi,7560000
1424,4,3,Islamabad,21730000
1231,3,4,Lahore,14980000
1273,2,4,Gujranwala,9550000
934,3,3,Rawalpindi,9490000
795,2,2,Gujranwala,5090000
4600,6,5,Peshawar,38550000
908,4,3,Lahore,12360000
1842,4,3,Islamabad,23040000
1049,3,2,Peshawar,8540000
2281,5,5,Islamabad,32000000
3748,6,5,Faisalabad,24660000
2485,5,4,Lahore,28700000
1018,3,1,Multan,7480000
1500,4,2,Lahore,15760000
4561,4,5,Lahore,52670000
1419,2,4,Rawalpindi,13920000
500,2,1,Gujranwala,4040000
6648,6,6,Karachi,73290000
1228,3,3,Faisalabad,9930000
1264,4,4,Peshawar,10560000
1368,3,4,Lahore,15910000
1600,4,2,Multan,11610000
1188,2,3,Lahore,13770000
987,3,2,Lahore,11910000
6898,6,5,Lahore,77100000
3690,6,4,Lahore,47850000
1767,4,3,Lahore,21470000
1711,4,2,Rawalpindi,15470000
2227,4,3,Gujranwala,13940000
4303,5,5,Faisalabad,31800000
1317,3,2,Islamabad,19760000
1849,3,4,Faisalabad,14860000
1393,3,2,Karachi,16040000
1265,2,3,Faisalabad,11170000
811,3,4,Islamabad,14130000
883,3,3,Peshawar,7840000
1097,2,2,Faisalabad,7180000
1303,4,3,Gujranwala,9840000
5217,4,4,Rawalpindi,40450000
2224,5,3,Faisalabad,15860000
1548,3,2,Lahore,17410000
4392,5,5,Karachi,47750000
2655,4,5,Karachi,34330000
1051,3,3,Lahore,14230000
2573,5,4,Karachi,26210000
1116,4,3,Peshawar,10840000
837,3,2,Peshawar,7130000
1586,5,2,Multan,12070000
4518,5,5,Multan,31330000
1899,3,2,Islamabad,24210000
1192,3,2,Lahore,14610000
2393,4,3,Karachi,26970000
2255,4,2,Karachi,26820000
4047,5,5,Islamabad,55610000
931,1,1,Faisalabad,6370000
1843,3,2,Gujranwala,11570000
1464,3,2,Multan,10470000
4895,6,4,Karachi,59100000
4193,4,5,Karachi,38490000
4307,5,4,Lahore,44200000
2851,5,3,Karachi,33250000
701,3,2,Gujranwala,6260000
1881,3,2,Peshawar,13660000
4971,5,5,Gujranwala,29610000
1717,4,3,Lahore,22770000
823,2,1,Rawalpindi,8060000
5327,4,5,Karachi,55060000
2722,5,4,Gujranwala,16540000
2027,5,4,Peshawar,18900000
1504,5,3,Karachi,18270000
2339,5,3,Islamabad,31290000
1218,3,3,Multan,8600000
1377,2,3,Karachi,13770000
2560,6,5,Karachi,28660000
829,1,2,Faisalabad,6550000
1797,4,4,Islamabad,22070000
1381,3,2,Rawalpindi,11910000
4736,6,6,Rawalpindi,41440000
4833,4,4,Lahore,48530000
1168,3,2,Peshawar,9560000
760,2,2,Faisalabad,5990000
7355,6,7,Lahore,86700000
965,2,1,Lahore,12090000
1906,4,3,Islamabad,23800000
2566,4,4,Gujranwala,16990000
7454,6,6,Islamabad,93810000
1502,2,4,Islamabad,20150000
1367,3,3,Faisalabad,11430000
7607,6,7,Islamabad,101920000
2466,3,2,Lahore,27340000
2843,5,5,Lahore,31390000
1530,3,3,Gujranwala,10080000
1858,4,3,Rawalpindi,17910000
953,3,4,Karachi,10490000
1469,1,2,Lahore,15910000
4677,5,5,Gujranwala,28610000
1798,5,4,Karachi,21070000
5161,4,5,Islamabad,74310000
500,2,1,Islamabad,7640000
1368,3,3,Karachi,16100000
6903,6,5,Islamabad,83800000
1829,3,4,Faisalabad,14250000
1406,3,3,Rawalpindi,13000000
1449,3,3,Lahore,16250000
3890,5,3,Lahore,41790000
2964,5,4,Islamabad,37790000
1284,3,3,Karachi,14470000
1729,3,4,Lahore,20080000
1196,3,2,Lahore,14150000
2281,4,3,Islamabad,28870000
500,2,2,Rawalpindi,6100000
6021,6,6,Faisalabad,48500000
1303,3,3,Karachi,15880000
1428,5,2,Faisalabad,12900000
1878,4,2,Faisalabad,12140000
1136,3,3,Faisalabad,9480000
2922,5,5,Lahore,34710000
1559,4,2,Islamabad,19040000
4887,5,6,Islamabad,61430000
978,2,2,Islamabad,13480000
5208,5,4,Rawalpindi,46070000
870,2,2,Peshawar,6430000
2273,4,3,Lahore,30140000
850,3,2,Islamabad,11300000
943,2,2,Peshawar,7220000
6783,7,6,Karachi,78960000
1248,3,3,Gujranwala,10220000
2310,4,3,Islamabad,31270000
3110,6,3,Islamabad,42090000
987,1,2,Faisalabad,6320000
1773,4,3,Islamabad,25400000
1857,3,3,Rawalpindi,17140000
936,2,3,Karachi,10920000
6501,6,7,Islamabad,91260000
2907,5,3,Lahore,31460000
1306,3,3,Lahore,16860000
2696,6,4,Lahore,33460000
3591,6,4,Islamabad,49190000
3716,5,5,Multan,24980000
1064,1,1,Rawalpindi,7990000
951,2,3,Karachi,11040000
1575,2,2,Karachi,15120000
3048,5,4,Islamabad,43230000
1932,4,3,Karachi,21290000
1704,4,3,Lahore,21940000
1922,4,3,Peshawar,16780000
7549,6,6,Peshawar,60620000
2385,5,5,Islamabad,35610000
4845,6,5,Islamabad,59400000
2208,6,4,Lahore,25980000
1747,3,4,Rawalpindi,16670000
1282,2,4,Islamabad,16260000
4658,5,6,Lahore,54160000
2654,6,4,Islamabad,34910000
896,3,1,Karachi,10000000
623,2,2,Rawalpindi,6660000
2060,4,3,Karachi,22080000
2637,5,4,Islamabad,33840000
4431,5,4,Lahore,51310000
3188,5,4,Lahore,40640000
3467,5,4,Islamabad,46590000
1067,3,2,Lahore,12720000
846,2,3,Karachi,10760000
1456,4,3,Islamabad,20980000
695,1,1,Peshawar,5070000
1541,3,2,Gujranwala,10390000
818,2,2,Lahore,9560000
4586,5,5,Lahore,55810000
3174,6,4,Lahore,37340000
773,2,3,Karachi,8880000
2377,4,4,Islamabad,34010000
1344,4,3,Karachi,15440000
2224,4,3,Faisalabad,15790000
1002,2,2,Karachi,11030000
1221,3,2,Islamabad,15740000
1308,2,2,Faisalabad,10830000
837,2,3,Rawalpindi,8210000
2529,5,4,Islamabad,32020000
1820,4,4,Islamabad,27600000
2056,4,2,Rawalpindi,18000000
2836,5,4,Lahore,32790000
1202,2,2,Multan,8390000
806,2,2,Rawalpindi,7430000
729,3,2,Islamabad,11350000
1217,3,3,Karachi,14090000
2316,5,2,Lahore,24950000
1133,3,2,Lahore,14480000
729,3,2,Gujranwala,6140000
2575,4,4,Rawalpindi,24290000
1032,3,2,Karachi,12060000
3774,6,5,Islamabad,51580000
2482,5,3,Peshawar,19320000
2623,5,5,Karachi,32730000
1127,2,3,Rawalpindi,9970000
2187,3,4,Lahore,27320000
1157,3,2,Karachi,14070000
1050,3,3,Faisalabad,9520000
2187,4,4,Karachi,24620000
1237,4,2,Faisalabad,9530000
3247,5,3,Karachi,32540000
988,2,3,Peshawar,8440000
1128,3,2,Gujranwala,8000000
821,3,2,Faisalabad,7300000
1067,3,3,Faisalabad,8890000
840,3,3,Rawalpindi,9000000
1584,4,2,Karachi,19240000
1826,4,2,Rawalpindi,14310000
1073,3,2,Lahore,14250000
4396,5,6,Islamabad,63250000
5734,6,6,Karachi,57830000
937,1,2,Lahore,11580000
1943,6,4,Peshawar,17490000
1134,2,3,Lahore,14420000
1999,4,2,Lahore,22140000
4280,5,5,Islamabad,59120000
1250,3,4,Gujranwala,9670000
1451,3,3,Karachi,15960000
948,2,2,Gujranwala,6520000
2499,5,4,Karachi,29270000
2468,5,4,Lahore,24980000
2181,6,5,Islamabad,30920000
1014,3,3,Karachi,13150000
696,2,3,Islamabad,10250000
1291,3,2,Karachi,15510000
1064,3,2,Lahore,13930000
1317,3,3,Islamabad,19110000
680,1,2,Islamabad,9080000
1938,4,3,Islamabad,22700000
2622,4,5,Lahore,31710000
1634,4,3,Lahore,19560000
2020,3,3,Lahore,25250000
2309,5,4,Rawalpindi,22250000
1666,3,3,Islamabad,20990000
3146,5,5,Multan,21790000
2230,5,4,Rawalpindi,22950000
879,2,2,Lahore,10270000
1272,3,4,Karachi,15310000
1639,3,2,Faisalabad,12500000
2073,4,3,Islamabad,28910000
2445,5,3,Islamabad,34890000
1230,3,3,Islamabad,16340000
1380,3,3,Karachi,15610000
2713,4,4,Faisalabad,21790000
1332,3,3,Lahore,17400000
1311,4,3,Faisalabad,12300000
2807,4,4,Karachi,33300000
3577,6,3,Gujranwala,22100000
1717,4,3,Faisalabad,12930000
1288,3,3,Islamabad,18360000
3292,5,3,Karachi,35320000
1727,3,3,Islamabad,22500000
918,3,2,Islamabad,14640000
4464,6,5,Rawalpindi,35770000
692,3,2,Karachi,9090000
2229,6,5,Peshawar,22450000
5153,5,4,Karachi,63520000
765,3,4,Islamabad,12490000
2012,4,2,Lahore,25460000
1261,2,4,Karachi,14050000
926,1,3,Lahore,10230000
1260,3,3,Gujranwala,9140000
1115,2,3,Lahore,15020000
4654,5,4,Karachi,49320000
1042,4,3,Rawalpindi,12200000
4999,6,5,Gujranwala,30160000
1684,4,2,Karachi,17930000
2816,5,5,Faisalabad,21140000
1594,2,3,Islamabad,22210000
1281,3,4,Lahore,16510000
7516,5,6,Islamabad,102500000
1478,2,3,Karachi,15660000
1490,3,3,Multan,10210000
1657,3,3,Lahore,19470000
1256,3,3,Islamabad,17750000
2330,4,3,Rawalpindi,21270000
5129,5,5,Islamabad,68190000
2000,5,3,Faisalabad,13650000
641,2,2,Lahore,9240000
2084,3,4,Islamabad,29030000
6261,6,6,Rawalpindi,51900000
968,3,3,Karachi,10960000
659,2,1,Faisalabad,5580000
2614,5,4,Lahore,31860000
3545,6,3,Faisalabad,26550000
4678,5,5,Lahore,59470000
2395,5,2,Karachi,25480000
1085,3,4,Karachi,14260000
5221,4,5,Lahore,59650000
5085,5,4,Lahore,54230000
1582,4,3,Islamabad,21370000
1815,4,3,Rawalpindi,18230000
1144,3,2,Karachi,13150000
1470,3,3,Islamabad,18530000
868,2,3,Karachi,9600000
1639,4,4,Karachi,20100000
550,1,2,Gujranwala,4110000
2259,4,5,Islamabad,31510000
2178,4,2,Islamabad,25890000
1827,3,2,Lahore,19880000
1927,4,3,Karachi,22410000
2271,5,4,Multan,16000000
1945,5,3,Peshawar,16220000
1843,4,3,Rawalpindi,17450000
2509,6,4,Lahore,28180000
1023,2,3,Lahore,11950000
1956,4,2,Lahore,22770000
1457,4,2,Islamabad,22410000
1526,4,2,Karachi,17930000
4067,5,5,Gujranwala,23980000
3098,4,5,Islamabad,41870000
617,2,2,Peshawar,5730000
1188,2,4,Karachi,15000000
1573,4,3,Lahore,22300000
2029,4,3,Islamabad,26410000
1879,4,3,Islamabad,24110000
8378,6,6,Karachi,95440000
764,3,2,Islamabad,10540000
2002,5,4,Rawalpindi,20660000
7132,6,6,Islamabad,100870000
1110,3,3,Lahore,12580000
1383,3,1,Gujranwala,8930000
4799,4,5,Karachi,50720000
1726,5,3,Multan,13250000
2293,5,3,Islamabad,31280000
2304,5,3,Karachi,26070000
3344,5,4,Islamabad,39670000
794,2,1,Multan,5500000
1354,4,3,Karachi,16200000
2467,5,5,Peshawar,20490000
2135,3,4,Gujranwala,12530000
4924,5,5,Lahore,59470000
1987,4,3,Rawalpindi,18320000
1351,3,4,Faisalabad,10860000
1732,4,4,Karachi,20390000
1552,3,4,Islamabad,22130000
1485,3,3,Lahore,16820000
3557,5,5,Islamabad,45400000
4959,5,6,Faisalabad,35450000
2139,3,3,Lahore,23810000
1601,3,4,Lahore,19980000
1818,4,3,Lahore,21820000
2435,4,4,Karachi,27410000
1171,2,2,Lahore,11970000
1542,3,3,Rawalpindi,15440000
2943,6,4,Islamabad,40060000
1282,3,3,Lahore,13810000
7553,6,6,Islamabad,108030000
1528,3,3,Rawalpindi,12790000
1304,2,4,Lahore,15810000
2089,4,3,Islamabad,27670000
1115,4,3,Karachi,14120000
3144,5,4,Lahore,35860000
2383,4,4,Islamabad,33720000
1240,3,3,Gujranwala,9040000
1958,3,3,Gujranwala,13670000
7109,6,5,Karachi,80340000
4183,5,5,Multan,30400000
1992,4,3,Lahore,24330000
2994,5,3,Lahore,36300000
2250,4,2,Lahore,24690000
8048,6,5,Lahore,86390000
3154,5,3,Karachi,34570000
1703,3,3,Multan,12340000
1438,3,3,Islamabad,19470000
1280,4,3,Gujranwala,11060000
7418,6,7,Rawalpindi,69720000
9275,6,7,Lahore,100230000
2022,5,4,Lahore,25200000
1951,3,2,Rawalpindi,16620000
1722,4,3,Gujranwala,13150000
1838,3,3,Lahore,25530000
882,2,2,Islamabad,12770000
1711,5,4,Multan,14730000
1126,3,4,Faisalabad,9490000
679,2,2,Islamabad,9510000
500,1,2,Karachi,5550000
3007,6,4,Rawalpindi,30750000
2495,4,3,Karachi,27380000
4411,4,5,Multan,27770000
4609,5,5,Karachi,47810000
5042,5,5,Multan,32750000
833,2,2,Karachi,10210000
1243,2,2,Islamabad,16520000
3065,5,4,Rawalpindi,27610000
1390,3,3,Islamabad,18830000
1194,3,2,Peshawar,9770000
2206,5,2,Karachi,26740000
1247,3,3,Lahore,14750000
1127,3,3,Rawalpindi,12090000
977,2,1,Islamabad,12860000
3191,5,3,Faisalabad,24070000
2610,5,4,Karachi,31970000
2705,6,4,Faisalabad,19190000
1020,1,2,Peshawar,7440000
1134,3,2,Lahore,15030000
1687,3,4,Faisalabad,14180000
1170,3,4,Rawalpindi,12500000
3411,5,3,Rawalpindi,29070000
7106,6,6,Rawalpindi,55440000
2948,5,5,Faisalabad,23400000
1297,2,3,Islamabad,17990000
1469,3,4,Faisalabad,12770000
1371,3,4,Lahore,15270000
1710,3,4,Peshawar,14820000
1166,4,3,Islamabad,18910000
891,3,4,Islamabad,14810000
1932,4,4,Multan,12820000
2712,5,3,Lahore,31290000
911,2,3,Rawalpindi,9390000
1911,3,3,Lahore,20360000
695,2,2,Peshawar,6330000
1927,4,3,Karachi,22820000
3030,5,5,Gujranwala,19620000
1094,3,3,Faisalabad,10030000
1205,3,2,Peshawar,9330000
2247,5,4,Gujranwala,14610000
1254,3,4,Islamabad,18820000
1336,4,4,Rawalpindi,15250000
3152,5,5,Multan,22430000
1220,2,3,Multan,8740000
2820,4,3,Rawalpindi,25910000
1209,3,2,Islamabad,16710000
1067,5,2,Rawalpindi,11330000
3021,5,4,Karachi,33800000
1659,4,3,Islamabad,22410000
2249,5,4,Islamabad,32170000
1606,4,3,Karachi,16900000
2204,4,3,Islamabad,29010000
2755,4,4,Rawalpindi,24000000
1679,3,2,Lahore,19060000
8294,6,7,Karachi,99720000
2121,5,2,Islamabad,31720000
1442,4,4,Rawalpindi,13600000
2372,4,3,Karachi,25810000
1603,2,2,Lahore,19030000
1792,4,3,Lahore,20000000
721,2,2,Karachi,9480000
1219,2,3,Karachi,12680000
1087,3,2,Islamabad,15870000
2304,6,3,Lahore,29380000
4737,5,4,Gujranwala,29200000
1139,2,2,Karachi,12160000
4422,4,5,Karachi,46370000
1630,5,2,Islamabad,21980000
897,2,1,Karachi,7720000
2785,5,3,Lahore,35450000
1159,3,3,Lahore,13920000
1635,3,3,Gujranwala,11370000
1064,1,1,Lahore,11000000
3460,5,3,Rawalpindi,29550000
1279,4,2,Lahore,15960000
1970,5,4,Lahore,27420000
2694,5,5,Lahore,33410000
2127,4,4,Karachi,22970000
1583,3,2,Peshawar,13080000
2124,3,4,Islamabad,25190000
1306,3,3,Lahore,12580000
2633,5,4,Islamabad,39360000
7000,5,5,Islamabad,97010000
3317,5,4,Islamabad,44160000
1056,1,1,Rawalpindi,7990000
3076,5,4,Faisalabad,21660000
4042,5,5,Islamabad,53320000
1443,4,2,Lahore,16140000
4351,5,5,Gujranwala,27790000
1181,2,3,Gujranwala,8800000
1949,4,3,Peshawar,16000000
1453,3,3,Lahore,17730000
1258,3,3,Islamabad,17740000
2037,4,3,Islamabad,28560000
4121,4,5,Lahore,49030000
3011,6,4,Karachi,36900000
3044,6,4,Islamabad,39890000
1477,4,3,Karachi,16080000
1726,3,3,Rawalpindi,15720000
2167,3,4,Peshawar,17110000
791,2,3,Islamabad,11970000
8540,5,6,Faisalabad,57580000
1386,3,4,Faisalabad,13480000
1882,3,3,Islamabad,26960000
1378,4,4,Lahore,19060000
581,3,1,Rawalpindi,6200000
1649,4,2,Lahore,18860000
1466,3,3,Islamabad,22320000
4593,6,6,Lahore,52820000
1247,4,3,Islamabad,18410000
1042,3,1,Peshawar,9270000
1407,4,3,Islamabad,18690000
978,1,2,Faisalabad,7090000
4334,4,5,Karachi,45900000
5455,5,4,Lahore,67870000
6849,6,6,Karachi,74000000
2319,5,4,Faisalabad,17520000
1873,3,3,Karachi,20900000
1575,3,2,Islamabad,22120000
2759,4,3,Karachi,28360000
733,1,3,Rawalpindi,7410000
585,2,3,Gujranwala,5210000
2251,4,4,Gujranwala,13660000
1541,3,4,Faisalabad,11830000
1692,2,4,Karachi,18730000
3695,5,5,Multan,24540000
2233,3,3,Islamabad,29410000
2854,6,4,Peshawar,24350000
795,1,1,Karachi,8170000
712,3,3,Multan,6930000
2217,6,4,Rawalpindi,23260000
912,2,2,Karachi,9570000
815,3,2,Lahore,11500000
2348,4,3,Karachi,25470000
561,1,2,Lahore,7180000
3110,6,5,Rawalpindi,29000000
1292,2,4,Rawalpindi,11350000
1887,3,3,Karachi,23550000
1164,3,2,Rawalpindi,11570000
2558,5,4,Lahore,32660000
1379,4,3,Lahore,17680000
1381,3,2,Rawalpindi,11390000
835,1,1,Lahore,10340000
1966,3,2,Islamabad,25280000
3203,5,4,Multan,21970000
1183,2,2,Gujranwala,8810000
2395,3,3,Islamabad,35460000
1679,3,3,Multan,12360000
1287,3,2,Faisalabad,10420000
1176,4,4,Peshawar,10910000
1184,5,2,Karachi,14240000
575,3,2,Lahore,8170000
1256,3,3,Karachi,16100000
1434,4,3,Rawalpindi,12910000
4378,5,5,Faisalabad,31710000
5071,5,4,Islamabad,70490000
1089,2,2,Karachi,11320000
1379,4,3,Peshawar,12060000
1931,4,3,Islamabad,26640000
1082,3,2,Karachi,13370000
2184,3,3,Islamabad,30110000
1339,3,3,Karachi,16630000
1227,3,2,Peshawar,10780000
1470,4,2,Karachi,16390000
1334,4,2,Rawalpindi,12520000
2246,4,4,Karachi,27130000
500,2,2,Faisalabad,4720000
1350,3,4,Lahore,17780000
920,4,4,Lahore,12140000
672,2,1,Islamabad,9270000
1078,2,3,Karachi,11640000
1579,4,2,Faisalabad,11770000
1430,3,2,Multan,11260000
955,4,2,Rawalpindi,10280000
998,3,4,Islamabad,14680000
1979,3,3,Rawalpindi,17080000
1591,2,3,Lahore,17990000
2663,5,5,Islamabad,38790000
2423,3,4,Karachi,27700000
741,1,2,Karachi,8980000
4217,5,5,Multan,30220000
2555,6,5,Lahore,32110000
2067,4,3,Islamabad,29120000
4457,4,6,Lahore,51780000
4564,5,5,Faisalabad,35280000
3602,5,4,Islamabad,48440000
1260,4,2,Islamabad,17390000
1576,4,3,Lahore,19760000
1233,3,3,Lahore,15530000
946,3,4,Islamabad,15320000
2546,6,4,Lahore,35070000
1286,4,3,Lahore,15830000
8414,6,6,Faisalabad,57350000
7326,6,6,Karachi,87300000
2913,5,4,Islamabad,41120000
889,3,3,Islamabad,12540000
4306,5,5,Karachi,47930000
500,2,2,Lahore,6860000
990,3,2,Peshawar,9340000
625,2,2,Lahore,8370000
677,2,2,Lahore,9290000
1598,3,3,Karachi,19080000
1337,3,3,Lahore,18540000
3509,6,4,Peshawar,28630000
2431,6,3,Lahore,29590000
2150,5,3,Peshawar,19910000
1972,4,3,Karachi,21090000
1153,3,3,Multan,8830000
1919,3,4,Karachi,23770000
7339,5,6,Lahore,84040000
1397,3,4,Faisalabad,12220000
1397,3,4,Lahore,17250000
1303,3,4,Karachi,15980000
966,2,2,Faisalabad,8280000
3597,4,4,Faisalabad,27480000
1523,3,2,Islamabad,20780000
4841,5,5,Rawalpindi,43360000
1422,4,4,Islamabad,17670000
1018,3,4,Islamabad,14480000
1927,4,3,Gujranwala,14040000
2484,5,5,Karachi,26550000
2385,5,5,Karachi,29220000
4640,5,6,Karachi,54680000
2515,4,2,Karachi,24340000
1095,2,2,Multan,7910000
837,2,1,Rawalpindi,7690000
2834,4,4,Islamabad,40130000
8330,6,6,Karachi,87200000
722,2,1,Karachi,8630000
1399,4,3,Gujranwala,10530000
1300,2,4,Peshawar,10240000
2099,4,2,Islamabad,31710000
1138,2,2,Karachi,12170000
1611,3,3,Rawalpindi,14900000
2037,4,4,Lahore,22940000
1537,4,3,Peshawar,12850000
1479,3,3,Lahore,17200000
1803,4,3,Karachi,20550000
2025,3,3,Karachi,20880000
2674,5,3,Lahore,30310000
1366,4,3,Peshawar,12970000
2171,5,3,Karachi,24270000
2479,6,4,Lahore,31380000
2547,5,3,Multan,18100000
1201,4,2,Rawalpindi,12710000
923,3,2,Islamabad,12470000
2367,5,4,Lahore,26100000
2975,6,4,Rawalpindi,30270000
1189,4,2,Lahore,14950000
1924,4,2,Rawalpindi,18580000
1491,3,4,Lahore,18400000
1871,5,3,Rawalpindi,19200000
5056,6,4,Islamabad,68500000
1667,3,3,Karachi,19310000
932,3,2,Rawalpindi,10040000
1223,3,3,Islamabad,17770000
1293,3,3,Karachi,15630000
4080,5,5,Islamabad,54100000
2681,6,3,Karachi,29950000
762,2,1,Faisalabad,6400000
1263,3,3,Islamabad,16990000
1473,4,3,Peshawar,14240000
1414,4,2,Faisalabad,11360000
1450,4,3,Islamabad,21490000
691,3,2,Lahore,9780000
4296,5,5,Karachi,49780000
1738,3,3,Karachi,20740000
2923,5,3,Lahore,32740000
5470,5,6,Faisalabad,37940000
1239,5,2,Lahore,15810000
1573,4,4,Islamabad,23270000
1793,5,3,Lahore,24330000
2138,5,3,Karachi,26840000
1456,3,3,Lahore,18420000
1797,5,3,Faisalabad,15600000
1562,4,3,Lahore,19330000
5022,5,5,Islamabad,68420000
2924,5,5,Karachi,33480000
843,2,2,Rawalpindi,8590000
2377,4,4,Islamabad,31170000
1796,4,3,Rawalpindi,17500000
2675,5,3,Lahore,30510000
1071,3,2,Islamabad,15580000
4813,5,4,Karachi,49530000
2664,5,4,Faisalabad,20150000
4229,5,5,Lahore,48690000
1411,4,3,Lahore,17420000
1674,5,3,Lahore,22820000
1870,4,3,Karachi,20890000
2967,5,4,Rawalpindi,26260000
882,2,2,Peshawar,8200000
1343,3,4,Rawalpindi,12950000
1787,4,2,Multan,13830000
1796,4,4,Lahore,23590000
1655,3,2,Peshawar,12150000
4907,4,5,Lahore,53690000
1375,3,3,Karachi,15650000
1674,3,3,Faisalabad,13880000
2880,4,3,Faisalabad,18440000
947,3,2,Karachi,11910000
1993,4,2,Gujranwala,13000000
4728,5,6,Peshawar,39810000
2165,4,2,Islamabad,26440000
1785,5,3,Lahore,21260000
4172,5,5,Karachi,42080000
4075,4,5,Multan,28100000
2582,6,3,Islamabad,35750000
1400,3,3,Karachi,14210000
3538,5,6,Peshawar,25440000
1477,2,3,Lahore,18560000
2217,4,3,Islamabad,30040000
4334,4,5,Lahore,46030000
1605,3,3,Karachi,17700000
4703,4,5,Multan,30390000
1126,3,3,Multan,8380000
3865,6,5,Peshawar,32060000
654,1,2,Islamabad,9130000
2069,4,2,Lahore,24990000
805,3,2,Gujranwala,6570000
2033,5,4,Karachi,25000000
632,2,1,Islamabad,8820000
1108,2,2,Karachi,12460000
776,1,2,Gujranwala,5270000
6511,6,7,Karachi,81910000
1856,4,2,Rawalpindi,17190000
810,3,2,Faisalabad,7390000
1618,5,3,Islamabad,22400000
1598,3,4,Lahore,19140000
901,2,1,Gujranwala,5850000
1791,3,4,Lahore,21860000
1782,4,3,Peshawar,16220000
2842,5,5,Lahore,33930000
1283,4,3,Multan,11200000
1696,4,3,Peshawar,13800000
2658,4,5,Rawalpindi,21700000
1651,3,3,Gujranwala,12180000
2919,4,4,Peshawar,20220000
1436,2,3,Multan,10770000
1306,2,2,Karachi,13420000
1311,3,3,Lahore,16740000
1371,4,3,Rawalpindi,14190000
2715,4,4,Islamabad,35970000
1909,4,4,Gujranwala,14510000
2881,5,4,Multan,17970000
2642,4,5,Karachi,31320000
1878,5,2,Islamabad,25340000
1314,3,3,Karachi,15220000
930,2,3,Rawalpindi,8800000
1135,3,3,Islamabad,16830000
2080,5,4,Lahore,27860000
1093,3,3,Islamabad,14180000
1703,3,3,Gujranwala,11110000
1534,3,3,Islamabad,20610000
2214,4,4,Karachi,23200000
1543,3,2,Faisalabad,12670000
5419,4,6,Rawalpindi,48280000
3144,6,4,Karachi,34700000
2686,5,4,Karachi,32760000
4863,4,5,Karachi,52660000
3208,6,5,Faisalabad,28080000
2110,6,4,Islamabad,29170000
1359,2,3,Faisalabad,10380000
1298,3,2,Lahore,15070000
5097,4,5,Rawalpindi,45470000
3279,5,3,Multan,23560000
3095,5,4,Peshawar,24540000
2280,5,4,Faisalabad,18280000
3223,5,3,Lahore,36020000
1305,3,4,Islamabad,19130000
2651,6,3,Islamabad,36200000
1337,3,3,Karachi,17050000
4870,5,5,Multan,32840000
1153,5,4,Rawalpindi,12640000
2523,5,4,Karachi,28150000
3141,4,3,Islamabad,36800000
1464,5,4,Multan,11650000
2473,5,5,Rawalpindi,25160000
669,2,3,Rawalpindi,7130000
1594,3,2,Islamabad,19360000
917,4,3,Islamabad,14260000
3190,5,4,Islamabad,39600000
3996,5,6,Peshawar,29400000
847,1,2,Multan,5520000
2298,5,2,Islamabad,27870000
1251,2,3,Rawalpindi,10710000
2052,3,3,Lahore,23370000
2346,5,4,Islamabad,33790000
3318,5,4,Karachi,39400000
1253,2,2,Lahore,14860000
1078,2,1,Lahore,12360000
2028,5,3,Lahore,25160000
536,2,2,Rawalpindi,6030000
698,3,2,Lahore,9060000
2026,4,3,Islamabad,28960000
3052,6,4,Rawalpindi,28710000
2223,4,3,Karachi,24560000
1244,3,4,Islamabad,16840000
760,2,2,Gujranwala,5550000
1160,4,3,Karachi,15340000
2490,5,5,Karachi,30270000
1128,2,3,Islamabad,15440000
1129,1,1,Karachi,11870000
1999,5,2,Islamabad,28560000
2963,6,4,Multan,20770000
500,2,2,Karachi,6830000
770,1,1,Multan,5140000
1891,4,3,Rawalpindi,17700000
4306,5,6,Faisalabad,34610000
1212,3,3,Karachi,14640000
1260,2,3,Karachi,14400000
1179,2,4,Lahore,14980000
1616,3,3,Rawalpindi,15640000
883,2,3,Karachi,11130000
8136,7,5,Multan,52040000
8215,5,5,Islamabad,108490000
1515,2,2,Karachi,18020000
1262,2,3,Lahore,16280000
961,3,3,Islamabad,13870000
1793,4,2,Lahore,21630000
2836,5,5,Islamabad,39660000
3913,5,5,Karachi,41530000
1022,1,2,Faisalabad,7100000
1934,4,4,Lahore,23350000
1116,3,3,Karachi,13500000
1264,4,3,Lahore,16890000
1005,2,3,Rawalpindi,9360000
4728,6,5,Karachi,52010000
2934,4,5,Multan,18850000
1136,3,3,Islamabad,14470000
932,2,2,Karachi,11710000
1427,4,3,Karachi,18580000
3654,5,5,Lahore,43480000
1755,4,4,Faisalabad,14680000
1128,3,3,Faisalabad,8950000
1819,3,3,Peshawar,15740000
3459,6,4,Gujranwala,23910000
7096,6,6,Lahore,87070000
8479,5,6,Islamabad,113630000
3459,4,3,Islamabad,48630000
1617,3,3,Islamabad,24670000
1062,2,4,Lahore,13830000
1442,5,3,Peshawar,12760000
2400,5,3,Lahore,30210000
3033,6,3,Islamabad,39710000
2988,5,4,Karachi,34760000
8055,6,7,Karachi,88290000
1458,4,2,Rawalpindi,14440000
1502,2,4,Islamabad,22280000
6513,6,6,Rawalpindi,59260000
774,2,2,Islamabad,10630000
2075,4,3,Islamabad,29430000
1726,3,2,Lahore,18220000
2022,4,3,Lahore,24800000
5251,4,5,Lahore,64050000
963,2,2,Karachi,10770000
3062,5,4,Islamabad,45170000
1391,3,3,Karachi,16680000
1613,3,3,Faisalabad,11700000
2792,5,3,Islamabad,39560000
1641,4,3,Rawalpindi,17570000
1342,3,3,Islamabad,17160000
509,2,3,Lahore,7640000
1485,3,4,Islamabad,20870000
8623,6,6,Lahore,105560000
2082,4,4,Peshawar,15400000
1273,3,3,Gujranwala,9350000
1128,4,2,Islamabad,16550000
2309,5,4,Multan,15340000
1430,3,3,Rawalpindi,13510000
2408,4,3,Lahore,29670000
1355,3,4,Karachi,16450000
1830,5,3,Karachi,20370000
1826,4,4,Lahore,22980000
3343,5,4,Islamabad,47600000
1038,2,4,Rawalpindi,10280000
7758,6,6,Karachi,80200000
870,3,3,Peshawar,8480000
850,2,1,Lahore,9160000
1677,3,4,Rawalpindi,14650000
3089,5,4,Islamabad,42740000
1503,2,3,Karachi,17240000
1238,3,2,Peshawar,10460000
1553,2,3,Faisalabad,11320000
1409,2,3,Lahore,16870000
4921,5,5,Karachi,47910000
1284,4,3,Karachi,17080000
5002,6,5,Rawalpindi,45250000
973,3,3,Rawalpindi,10230000
1565,3,4,Lahore,19530000
886,2,2,Islamabad,11620000
1331,3,4,Gujranwala,9260000
2146,5,2,Karachi,22140000
1278,3,2,Multan,9210000
1860,3,2,Faisalabad,13810000
6410,7,6,Karachi,75930000
2397,5,4,Islamabad,32190000
1490,4,3,Karachi,16880000
1246,3,3,Lahore,15110000
2320,5,4,Rawalpindi,20230000
1252,4,4,Lahore,16260000
684,2,1,Lahore,8660000
2492,5,3,Lahore,30480000
8055,6,7,Islamabad,123870000
956,2,3,Faisalabad,7550000
7879,6,7,Rawalpindi,68580000
1804,4,4,Islamabad,27420000
1567,3,3,Karachi,19580000
610,1,2,Islamabad,8760000
1423,3,3,Islamabad,18390000
822,3,1,Lahore,9780000
1172,2,3,Lahore,14940000
1044,2,2,Karachi,10870000
1965,4,2,Rawalpindi,18690000
5289,5,4,Rawalpindi,44180000
506,1,2,Karachi,6530000
987,2,2,Lahore,12200000
2743,6,4,Lahore,33330000
1218,3,3,Lahore,16790000
1197,5,3,Lahore,15450000
3966,6,5,Rawalpindi,33740000
928,2,3,Islamabad,12450000
1092,3,4,Gujranwala,8360000
2525,4,4,Karachi,28090000
1571,3,3,Rawalpindi,15110000
2314,4,3,Lahore,24160000
3784,5,5,Rawalpindi,32990000
1718,3,3,Lahore,20500000
1300,5,3,Rawalpindi,13070000
730,2,2,Lahore,9290000
2380,5,4,Lahore,30120000
1565,3,2,Lahore,18290000
1746,3,4,Rawalpindi,16940000
1973,5,2,Peshawar,16000000
1565,2,4,Karachi,18640000
1929,4,3,Islamabad,25590000
1937,4,2,Rawalpindi,17220000
940,3,3,Karachi,11920000
1192,3,2,Karachi,12810000
2043,5,3,Lahore,22600000
1490,5,2,Rawalpindi,14570000
2543,4,3,Islamabad,31640000
1047,2,3,Islamabad,15080000
1449,3,3,Lahore,16420000
2079,4,3,Peshawar,17020000
1768,4,3,Rawalpindi,15480000
4431,5,6,Islamabad,65530000
1711,2,4,Islamabad,23360000
1145,3,4,Karachi,13700000
7423,6,6,Lahore,93690000
793,3,3,Karachi,10460000
1985,3,3,Lahore,22360000
944,1,2,Lahore,9060000
1643,4,2,Islamabad,22090000
1614,4,3,Lahore,18210000
1416,3,2,Islamabad,20470000
1368,3,3,Karachi,15030000
1570,5,3,Faisalabad,12920000
1430,3,3,Karachi,16340000
2307,5,4,Karachi,25690000
4103,6,5,Rawalpindi,36470000
1474,4,4,Rawalpindi,15050000
1516,5,3,Karachi,17170000
1649,4,4,Rawalpindi,15910000
783,1,3,Multan,6220000
2287,4,4,Faisalabad,18050000
7499,6,6,Karachi,88690000
1806,4,4,Islamabad,25940000
1584,3,4,Karachi,15350000
1895,5,4,Karachi,23060000
743,2,2,Karachi,8470000
2362,5,3,Islamabad,30090000
1082,2,2,Multan,7630000
2528,4,3,Karachi,28550000
2187,5,5,Karachi,26760000
1492,2,3,Faisalabad,10780000
4911,6,4,Islamabad,64700000
858,1,1,Karachi,9480000
4958,5,4,Lahore,58120000
820,1,2,Gujranwala,5600000
7132,6,6,Gujranwala,42870000
1389,4,3,Peshawar,12630000
8542,7,6,Lahore,102400000
732,2,2,Karachi,8410000
870,2,2,Karachi,9940000
3482,6,5,Rawalpindi,30060000
1971,5,3,Karachi,21030000
1384,3,2,Multan,9590000
1196,2,4,Faisalabad,10510000
2239,5,3,Lahore,30090000
4609,6,5,Lahore,49600000
1667,4,3,Faisalabad,13030000
890,2,2,Lahore,10790000
1247,3,3,Islamabad,15490000
3075,5,5,Lahore,39590000
1395,2,3,Gujranwala,8440000
2049,5,2,Karachi,20320000
867,1,1,Rawalpindi,7000000
1616,4,2,Islamabad,22990000
1166,2,3,Rawalpindi,10840000
2188,4,2,Gujranwala,14610000
1317,4,2,Islamabad,18380000
1623,4,2,Karachi,18510000
1812,3,3,Lahore,21980000
3006,5,4,Lahore,33510000
1881,4,4,Lahore,22850000
4247,4,5,Lahore,51780000
2721,5,3,Karachi,30480000
2281,4,4,Islamabad,31540000
2725,5,3,Rawalpindi,24500000
4475,5,5,Islamabad,58110000
1438,3,4,Faisalabad,11940000
1764,2,3,Karachi,18350000
1481,3,3,Islamabad,20650000
7159,5,6,Gujranwala,42910000
2324,5,4,Peshawar,18890000
1043,3,3,Peshawar,9000000
1155,3,3,Islamabad,17660000
7002,5,6,Karachi,72250000
1835,3,4,Rawalpindi,17430000
582,2,3,Peshawar,6310000
1113,3,2,Faisalabad,8690000
632,3,2,Karachi,8070000
552,2,3,Lahore,7950000
2133,5,3,Rawalpindi,20040000
2047,4,2,Lahore,22160000
1949,4,3,Islamabad,28160000
1257,3,3,Karachi,14910000
6936,6,7,Lahore,76870000
2546,5,4,Lahore,31940000
1069,2,2,Faisalabad,7720000
1377,4,3,Karachi,13700000
1783,4,3,Faisalabad,14770000
1612,2,4,Lahore,17350000
1768,3,3,Faisalabad,14020000
2286,3,2,Karachi,25260000
897,3,2,Peshawar,7930000
1313,3,4,Rawalpindi,12710000
1087,2,2,Islamabad,17180000
1753,4,3,Gujranwala,10560000
4739,4,4,Rawalpindi,39650000
833,1,3,Islamabad,12180000
2919,6,4,Faisalabad,23980000
2377,4,5,Lahore,26540000
2038,4,3,Lahore,23970000
1705,4,3,Faisalabad,13130000
5268,6,4,Lahore,53910000
2259,3,2,Peshawar,16740000
1684,3,3,Gujranwala,10800000
2587,4,4,Karachi,26090000
1244,2,3,Lahore,14840000
4027,5,6,Karachi,45340000
2574,6,3,Karachi,26560000
1147,4,2,Lahore,15800000
2989,4,3,Lahore,31740000
5342,5,5,Islamabad,72410000
5011,4,5,Karachi,56980000
3976,5,4,Karachi,40920000
5161,6,5,Islamabad,70240000
814,2,2,Karachi,10030000
1662,4,3,Karachi,18640000
4910,5,5,Karachi,50040000
954,3,1,Faisalabad,6750000
1507,2,3,Faisalabad,10910000
1653,3,3,Islamabad,25340000
1913,4,3,Lahore,23860000
1907,3,2,Lahore,21870000
2545,6,5,Lahore,28650000
967,2,4,Karachi,12170000
1113,2,2,Islamabad,12100000
2555,5,5,Lahore,28290000
1185,1,2,Lahore,13210000
500,3,2,Islamabad,8260000
1214,4,4,Karachi,15370000
931,2,3,Islamabad,12580000
1749,3,3,Peshawar,14920000
2271,4,3,Rawalpindi,22400000
2091,4,4,Karachi,23400000
6253,6,5,Karachi,61770000
1755,3,4,Peshawar,15420000
1295,4,3,Karachi,15230000
3357,6,6,Lahore,39380000
1729,4,4,Faisalabad,14730000
2489,5,3,Lahore,29380000
829,2,1,Rawalpindi,7690000
2718,5,3,Gujranwala,19490000
1081,3,2,Karachi,12450000
1718,3,2,Islamabad,23210000
2444,6,5,Karachi,27670000
2500,5,4,Gujranwala,16390000
2388,6,5,Gujranwala,18040000
4271,5,5,Islamabad,56550000
1143,2,3,Islamabad,16480000
1440,3,4,Lahore,16460000
1896,3,4,Islamabad,25360000
1953,4,2,Peshawar,14820000
2995,6,5,Karachi,35600000
2100,5,2,Lahore,26350000
1147,3,2,Lahore,13370000
2384,5,4,Peshawar,18850000
4549,6,6,Faisalabad,35160000
844,2,1,Multan,6180000
1190,4,2,Lahore,14630000
981,3,3,Lahore,13180000
741,3,2,Rawalpindi,7610000
1159,2,3,Karachi,13280000
1175,3,3,Lahore,13520000
2734,5,3,Karachi,28310000
768,2,1,Karachi,9660000
2106,3,4,Islamabad,27750000
1080,3,4,Karachi,12700000
1706,4,3,Peshawar,15080000
1570,3,2,Peshawar,12750000
1447,3,3,Karachi,16730000
907,2,1,Rawalpindi,8090000
2964,5,5,Lahore,36350000
2332,6,3,Karachi,27250000
3155,5,4,Lahore,37780000
768,3,1,Multan,6340000
5499,6,5,Karachi,59670000
1211,3,2,Multan,8730000
915,2,3,Islamabad,14050000
6321,6,6,Islamabad,87810000
4220,4,4,Karachi,43280000
4419,5,6,Lahore,49220000
2650,5,4,Gujranwala,16980000
2128,5,4,Lahore,27510000
1965,4,4,Peshawar,15140000
943,2,2,Peshawar,8400000
2368,6,4,Islamabad,31330000
1400,2,3,Islamabad,18050000
1358,3,3,Faisalabad,11610000
812,2,3,Islamabad,13450000
2016,5,4,Lahore,24910000
2384,6,3,Lahore,27680000
735,2,1,Gujranwala,5370000
1677,4,2,Karachi,18550000
2440,5,3,Karachi,24710000
1196,2,3,Islamabad,16640000
1065,3,3,Islamabad,16890000
3249,5,5,Lahore,38320000
4553,6,7,Peshawar,40130000
1210,3,2,Gujranwala,8780000
4722,5,4,Lahore,50890000
2056,5,2,Lahore,23620000
1644,3,3,Islamabad,23670000
1470,3,3,Gujranwala,10170000
8157,6,6,Karachi,91930000
1184,3,2,Lahore,15200000
922,1,2,Faisalabad,7350000
1225,4,2,Lahore,15160000
1028,3,3,Rawalpindi,11370000
594,1,2,Rawalpindi,6080000
1588,4,2,Karachi,19260000
2297,4,3,Rawalpindi,19450000
1518,3,2,Karachi,17810000
3788,5,6,Rawalpindi,33610000
1791,4,3,Multan,13250000
4220,5,4,Lahore,45490000
3050,4,4,Rawalpindi,24170000
1273,3,3,Islamabad,18830000
8406,6,5,Karachi,84570000
2900,5,4,Karachi,31240000
4905,6,5,Karachi,55870000
4885,5,4,Karachi,51570000
1340,3,4,Islamabad,17260000
2714,4,2,Karachi,31710000
910,2,3,Islamabad,12600000
7405,6,5,Multan,48860000
4370,5,4,Faisalabad,33710000
3238,6,5,Islamabad,44380000
5242,5,6,Lahore,59920000
1283,3,3,Peshawar,11520000
1221,2,3,Islamabad,16170000
1984,4,3,Peshawar,17000000
2432,5,3,Karachi,28570000
991,3,1,Lahore,12510000
2890,4,3,Karachi,29450000
1807,4,2,Karachi,19760000
1163,3,3,Lahore,16300000
1085,3,3,Islamabad,17410000
1159,2,2,Lahore,13170000
1414,3,3,Islamabad,19650000
1298,2,3,Lahore,14370000
1645,3,3,Islamabad,20630000
1586,2,3,Gujranwala,10490000
2872,5,4,Gujranwala,19710000
2903,5,3,Multan,20940000
1660,5,4,Multan,13030000
1472,3,4,Faisalabad,11460000
2913,5,2,Islamabad,39810000
834,1,2,Peshawar,6480000
872,3,2,Karachi,10380000
2183,5,4,Karachi,26110000
1916,4,2,Peshawar,15900000
2375,6,5,Lahore,29830000
4364,5,5,Islamabad,60750000
1168,2,4,Rawalpindi,10220000
1357,3,4,Lahore,18020000
1479,3,3,Multan,10840000
1020,3,2,Islamabad,15120000
971,2,1,Lahore,11020000
8025,7,7,Multan,46050000
1389,2,3,Lahore,15560000
1200,4,3,Islamabad,16460000
695,2,2,Lahore,9690000
2020,3,3,Lahore,23740000
1809,5,3,Islamabad,26750000
2627,5,3,Multan,17920000
1875,4,4,Karachi,22470000
815,3,3,Faisalabad,7760000
2011,3,3,Faisalabad,15030000
1013,4,3,Peshawar,10280000
1725,4,3,Lahore,19820000
2475,4,2,Karachi,28040000
4153,5,5,Peshawar,29420000
801,2,3,Rawalpindi,8350000
757,1,3,Karachi,9710000
3732,6,5,Karachi,38730000
1211,3,3,Islamabad,17160000
1156,3,4,Peshawar,10860000
2278,5,4,Faisalabad,18150000
7024,5,6,Lahore,78290000
4855,5,5,Peshawar,40110000
3194,5,5,Lahore,40210000
1349,4,3,Lahore,18600000
5289,5,5,Lahore,50310000
908,1,2,Rawalpindi,8270000
1202,3,3,Rawalpindi,10700000
2970,5,4,Karachi,35810000
1955,4,3,Multan,15100000
3221,5,4,Lahore,37440000
7930,6,6,Lahore,95790000
1951,4,3,Islamabad,24820000
4610,4,4,Karachi,48610000
3117,5,3,Islamabad,40990000
742,2,2,Rawalpindi,7610000
1251,4,3,Gujranwala,9940000
1283,3,3,Islamabad,16990000
1316,3,2,Gujranwala,9690000
1722,4,3,Karachi,19660000
741,2,1,Karachi,7900000
1525,4,4,Lahore,22300000
945,2,1,Gujranwala,5810000
4290,6,5,Islamabad,61210000
1318,3,3,Faisalabad,10170000
6761,6,6,Islamabad,88190000
3690,5,3,Karachi,40810000
4470,6,5,Karachi,48680000
9009,7,6,Karachi,82720000
1079,3,3,Lahore,13690000
2347,4,3,Faisalabad,17320000
3225,5,5,Islamabad,42060000
2367,5,4,Lahore,27560000
2760,5,5,Gujranwala,17950000
7402,6,5,Rawalpindi,58220000
844,2,3,Karachi,9820000
629,2,1,Lahore,7330000
3193,5,4,Karachi,36410000
1217,3,3,Faisalabad,11260000
1202,3,3,Islamabad,15810000
2055,6,4,Peshawar,19930000
1641,3,3,Peshawar,13350000
2954,4,4,Karachi,29130000
680,1,2,Peshawar,6310000
1718,3,3,Islamabad,22290000
4199,5,5,Islamabad,58130000
4036,6,6,Lahore,47620000
1532,3,3,Rawalpindi,14400000
1578,3,3,Islamabad,22360000
909,2,2,Islamabad,11340000
730,2,2,Lahore,9920000
4540,5,5,Peshawar,36790000
1843,3,3,Multan,12050000
1504,3,3,Karachi,17630000
1273,2,4,Karachi,14090000
900,3,2,Islamabad,12690000
1760,4,4,Peshawar,15820000
1753,4,2,Rawalpindi,16070000
1973,5,4,Lahore,23340000
1746,3,3,Gujranwala,11290000
1628,3,3,Karachi,19300000
1288,3,3,Gujranwala,10180000
4572,5,5,Rawalpindi,41770000
1564,4,3,Peshawar,14140000
739,2,2,Karachi,8550000
1354,4,4,Karachi,17050000
2959,5,5,Karachi,31470000
3133,5,4,Islamabad,38950000
5239,5,5,Rawalpindi,46880000
1261,2,3,Faisalabad,9920000
1848,4,3,Rawalpindi,16060000
3390,4,4,Faisalabad,24370000
1311,2,3,Lahore,15270000
1800,5,3,Islamabad,25480000
1314,3,3,Islamabad,17620000
772,3,1,Lahore,9610000
1518,3,3,Karachi,15990000
2062,4,2,Karachi,20200000
900,3,3,Karachi,10490000
1084,3,3,Islamabad,15910000
964,2,3,Multan,7310000
1750,4,3,Islamabad,24310000
1237,4,3,Islamabad,20400000
7124,5,6,Lahore,84020000
2463,5,5,Lahore,33020000
3034,6,3,Rawalpindi,28250000
2950,5,4,Karachi,30030000
1779,4,2,Karachi,16330000
1706,2,2,Islamabad,22650000
1364,3,3,Peshawar,11660000
865,1,2,Karachi,10390000
1978,5,2,Karachi,20440000
1194,4,4,Lahore,14600000
2007,4,2,Lahore,26500000
1520,2,2,Karachi,17010000
2663,5,2,Multan,19910000
1258,4,4,Lahore,15620000
1878,3,3,Islamabad,26470000
1801,5,3,Lahore,22170000
7131,7,6,Karachi,77240000
1364,2,3,Peshawar,10730000
4142,6,5,Rawalpindi,38410000
2268,5,4,Rawalpindi,24580000
1862,3,3,Islamabad,24890000
2615,5,4,Lahore,26810000
7401,6,6,Lahore,90790000
5110,5,5,Rawalpindi,43370000
2652,5,4,Lahore,32030000
1726,4,2,Gujranwala,10680000
4708,4,4,Rawalpindi,39480000
2111,3,4,Peshawar,17780000
1586,5,3,Lahore,20560000
5505,5,6,Islamabad,77210000
1158,3,3,Islamabad,16490000
1008,2,2,Lahore,12400000
1897,4,4,Lahore,22690000
3003,5,4,Lahore,35650000
820,1,2,Multan,6150000
1857,3,3,Islamabad,27970000
2537,6,4,Faisalabad,20990000
2787,5,4,Islamabad,39040000
4671,5,6,Karachi,50490000
1653,3,3,Multan,11440000
1264,4,3,Rawalpindi,13160000
1070,3,3,Peshawar,9090000
1628,2,3,Multan,11670000
1654,3,3,Karachi,17340000
1702,5,3,Multan,13310000
9058,6,5,Rawalpindi,82790000
834,2,2,Peshawar,7270000
876,3,3,Karachi,10940000
1360,2,3,Karachi,15490000
952,1,3,Faisalabad,8370000
1473,4,3,Lahore,19480000
2456,5,3,Peshawar,20100000
1507,4,3,Peshawar,13480000
3239,5,3,Peshawar,23520000
1665,3,2,Karachi,17780000
4531,5,6,Islamabad,61560000
2477,5,3,Rawalpindi,24410000
2843,5,3,Lahore,34230000
1935,2,4,Islamabad,24620000
2285,5,4,Lahore,27880000
1975,5,2,Karachi,21470000
5055,5,5,Lahore,53760000
1564,3,2,Lahore,19520000
1941,4,3,Islamabad,26380000
2117,5,3,Lahore,25730000
854,2,3,Lahore,11040000
1835,3,3,Faisalabad,14160000
2096,5,3,Karachi,25100000
1800,4,3,Lahore,20870000
1075,2,2,Islamabad,15960000
1165,3,4,Islamabad,17740000
2384,5,4,Karachi,26150000
2390,4,3,Rawalpindi,21940000
1816,4,3,Faisalabad,14730000
2969,5,4,Karachi,34720000
3782,6,5,Rawalpindi,29320000
673,3,2,Lahore,9290000
1283,3,4,Karachi,16010000
2566,4,3,Faisalabad,18630000
1129,3,4,Peshawar,11110000
1198,3,3,Lahore,14660000
2521,5,3,Rawalpindi,23000000
2928,6,5,Rawalpindi,26740000
1824,5,2,Lahore,22790000
3016,6,3,Islamabad,42550000
4822,5,4,Lahore,52070000
2036,4,3,Lahore,25230000
770,2,2,Lahore,9590000
1095,1,3,Lahore,14500000
5301,5,4,Islamabad,67090000
1206,2,1,Peshawar,9070000
2639,5,4,Peshawar,22440000
2385,5,4,Lahore,25540000
2353,4,2,Multan,15620000
1106,2,2,Islamabad,14780000
2231,4,3,Multan,16350000
1181,2,2,Islamabad,15900000
1416,4,2,Rawalpindi,13780000
4638,4,6,Lahore,55680000
2468,5,4,Islamabad,31050000
1439,3,3,Lahore,17290000
2550,5,5,Islamabad,34380000
500,2,2,Islamabad,7770000
901,3,1,Karachi,10320000
1155,2,2,Islamabad,16230000
4710,4,5,Rawalpindi,44120000
1828,4,3,Lahore,21780000
908,3,2,Karachi,11910000
4920,5,5,Gujranwala,30580000
2175,3,3,Islamabad,30120000
1672,5,3,Islamabad,22410000
1442,4,2,Islamabad,20710000
4287,5,4,Peshawar,34490000
2166,3,2,Rawalpindi,18550000
1360,3,2,Islamabad,17930000
1092,3,4,Peshawar,11160000
1981,4,3,Islamabad,28770000
3827,5,4,Rawalpindi,32200000
719,3,2,Islamabad,10410000
786,2,2,Peshawar,7410000
2546,4,5,Faisalabad,18010000
3827,4,5,Islamabad,46550000
766,2,1,Multan,5550000
3496,5,4,Lahore,39460000
2127,4,3,Lahore,23390000
600,1,3,Gujranwala,4480000
1690,4,3,Peshawar,14350000
1069,3,3,Karachi,14090000
2728,5,5,Lahore,34310000
2573,5,5,Karachi,28970000
1284,5,3,Multan,11110000
1441,5,3,Peshawar,14460000
1185,2,3,Multan,9010000
753,3,1,Islamabad,10840000
500,1,2,Karachi,6240000
7719,7,6,Lahore,83130000
9429,5,6,Gujranwala,56760000
2210,4,4,Faisalabad,18130000
1301,3,3,Karachi,16160000
2001,4,5,Lahore,26700000
5315,6,4,Islamabad,65270000
2784,5,4,Karachi,34260000
2559,5,3,Faisalabad,19450000
1394,2,2,Islamabad,18010000
950,3,3,Islamabad,12710000
1282,3,2,Faisalabad,10020000
1521,3,4,Karachi,18290000
4912,5,5,Rawalpindi,38910000
5039,6,7,Faisalabad,37570000
779,2,2,Rawalpindi,7690000
2165,5,5,Karachi,24760000
4389,5,4,Faisalabad,32640000
2471,5,4,Faisalabad,17860000
1328,3,4,Multan,11040000
827,2,2,Multan,5800000
577,3,3,Gujranwala,5720000
987,2,3,Karachi,12360000
1372,4,3,Gujranwala,10620000
696,2,2,Lahore,8560000
1658,3,4,Rawalpindi,15420000
1943,5,4,Karachi,22360000
1001,3,2,Gujranwala,8400000
3455,4,5,Faisalabad,24920000
5196,5,4,Lahore,64300000
1904,4,2,Multan,13440000
3000,5,5,Rawalpindi,28770000
819,2,2,Gujranwala,6090000
500,2,2,Gujranwala,4390000
2572,5,4,Islamabad,37270000
3914,5,5,Islamabad,55730000
5509,5,5,Islamabad,72080000
795,3,3,Lahore,11930000
657,1,1,Rawalpindi,5170000
7111,5,6,Islamabad,97230000
2788,4,4,Karachi,32060000
1561,4,3,Gujranwala,12070000
1736,4,3,Multan,13180000
2181,5,3,Islamabad,28790000
1595,5,4,Islamabad,22490000
1430,3,3,Lahore,17130000
1428,4,3,Lahore,16640000
616,2,3,Lahore,7610000
1362,3,3,Islamabad,17390000
1842,3,2,Lahore,21470000
4796,5,6,Rawalpindi,39580000
6226,6,6,Rawalpindi,50660000
3051,5,4,Islamabad,43330000
644,1,2,Lahore,7900000
7868,5,6,Islamabad,106690000
2187,6,4,Lahore,25980000
1047,3,2,Islamabad,15480000
2068,4,3,Karachi,20710000
2094,3,3,Islamabad,27910000
1816,3,3,Karachi,20590000
683,2,1,Lahore,7770000
2033,3,4,Lahore,23930000
2128,6,5,Karachi,22310000
1595,3,3,Lahore,18990000
1912,6,4,Rawalpindi,20790000
1063,3,3,Peshawar,10180000
2981,5,4,Karachi,30160000
2472,5,4,Lahore,31080000
2344,5,4,Rawalpindi,24130000
2825,6,4,Islamabad,39530000
1646,3,3,Faisalabad,13390000
2929,5,3,Islamabad,37190000
1133,3,3,Karachi,14250000
1244,2,3,Lahore,15270000
2271,3,3,Karachi,23800000
1903,5,3,Lahore,24020000
957,2,3,Islamabad,12860000
979,2,2,Lahore,11490000
1195,3,3,Rawalpindi,10830000
818,2,2,Lahore,10730000
2141,4,2,Faisalabad,15880000
2786,5,4,Islamabad,40740000
3000,5,3,Karachi,35590000
1497,4,4,Lahore,20740000
1984,4,3,Islamabad,29610000
670,1,2,Gujranwala,4690000
7346,6,6,Islamabad,102290000
1919,5,4,Faisalabad,17610000
1602,5,3,Karachi,18560000
8198,5,6,Islamabad,114390000
2205,4,4,Rawalpindi,21060000
1328,3,4,Islamabad,18540000
1247,2,3,Rawalpindi,11700000
3343,5,5,Rawalpindi,29040000
1933,4,3,Lahore,21070000
500,1,2,Lahore,6700000
8770,6,7,Islamabad,122940000
2423,4,3,Karachi,26550000
1623,4,3,Islamabad,22640000
1060,2,2,Faisalabad,8000000
2031,5,3,Faisalabad,16240000
1512,4,3,Islamabad,21150000
730,3,2,Karachi,9580000
1558,3,3,Lahore,18910000
1043,3,3,Karachi,14190000
1406,2,4,Islamabad,20150000
1522,3,3,Lahore,16390000
1213,3,3,Rawalpindi,12260000
1723,5,2,Rawalpindi,16610000
1814,5,4,Islamabad,26230000
1648,4,4,Rawalpindi,17300000
3980,5,5,Gujranwala,24080000
1696,3,4,Lahore,21250000
883,2,1,Islamabad,12880000
2828,5,3,Lahore,33050000
4578,6,4,Karachi,45590000
1470,2,3,Peshawar,12630000
2169,4,3,Rawalpindi,19480000
4569,6,4,Islamabad,56420000
1455,4,4,Karachi,19310000
1854,5,5,Rawalpindi,19750000
1068,2,3,Lahore,11500000
2288,5,4,Karachi,23840000
668,1,1,Karachi,7020000
5613,6,5,Islamabad,77250000
8112,6,5,Multan,52600000
2623,5,3,Rawalpindi,24820000
1118,2,2,Lahore,13210000
684,2,1,Lahore,8330000
1780,4,4,Islamabad,25130000
1191,1,3,Peshawar,9930000
4828,5,5,Multan,33310000
1575,5,2,Faisalabad,11830000
6956,6,6,Rawalpindi,64350000
1733,4,3,Lahore,19260000
2104,3,4,Lahore,25150000
1857,4,3,Karachi,20030000
2946,5,4,Karachi,35840000
1651,4,3,Gujranwala,11140000
3121,4,4,Islamabad,44730000
4031,5,5,Multan,26430000
6939,7,5,Rawalpindi,60620000
1895,4,3,Gujranwala,12450000
2331,5,4,Gujranwala,16580000
4186,4,5,Karachi,43350000
1316,3,3,Rawalpindi,11720000
1795,3,2,Faisalabad,11450000
4365,6,4,Faisalabad,30870000
7475,5,5,Rawalpindi,66460000
5328,5,5,Multan,36090000
2088,5,4,Faisalabad,17250000
2869,4,4,Lahore,33660000
4669,5,5,Lahore,51620000
3869,6,6,Gujranwala,24140000
1634,4,3,Islamabad,22950000
1676,5,3,Karachi,20410000
850,4,3,Multan,7520000
2355,5,5,Multan,17950000
1054,2,2,Lahore,13170000
718,3,3,Karachi,10280000
654,3,4,Rawalpindi,8620000
2744,5,4,Karachi,31460000
2777,5,5,Lahore,31720000
680,2,1,Karachi,7940000
1000,2,1,Karachi,10850000
2824,5,5,Lahore,36520000
4952,5,5,Peshawar,33370000
1271,3,4,Karachi,14450000
2332,4,3,Karachi,26300000
7766,7,6,Karachi,83230000
4004,5,4,Faisalabad,30500000
2148,4,4,Faisalabad,18160000
4960,5,5,Peshawar,39270000
3826,4,5,Karachi,45840000
1397,2,4,Karachi,14570000
1769,4,4,Karachi,19620000
1014,4,4,Peshawar,10770000
2975,5,5,Karachi,35340000
2031,4,2,Karachi,23570000
500,3,2,Lahore,7670000
1457,3,3,Peshawar,13060000
2137,5,4,Karachi,25090000
6975,6,5,Rawalpindi,63810000
917,3,4,Islamabad,13540000
1334,4,2,Gujranwala,9420000
8099,6,6,Lahore,90110000
1379,2,3,Islamabad,17570000
1984,4,4,Karachi,21070000
2116,4,2,Karachi,23910000
665,1,3,Rawalpindi,7350000
1369,4,3,Rawalpindi,13210000
1123,2,1,Gujranwala,7160000
2172,4,3,Karachi,25340000
1377,3,2,Lahore,15520000
2008,4,3,Karachi,20920000
2959,5,4,Karachi,34440000
1470,3,3,Peshawar,10990000
3162,5,5,Karachi,36270000
2602,5,4,Karachi,28720000
2728,5,3,Lahore,28010000
2302,4,4,Rawalpindi,20850000
1950,4,3,Karachi,22280000
2038,3,3,Karachi,21630000
1909,4,3,Karachi,23610000
1835,4,2,Karachi,21510000
1131,2,2,Rawalpindi,10290000
1534,2,4,Peshawar,13740000
8407,6,6,Lahore,105240000
2439,4,2,Karachi,25490000
2335,5,4,Peshawar,20040000
1490,3,2,Lahore,18690000
1065,3,3,Multan,8950000
3039,5,4,Islamabad,39640000
1596,3,3,Gujranwala,11380000
2538,5,3,Lahore,34070000
4669,5,6,Peshawar,37250000
2206,3,3,Lahore,26580000
2682,4,4,Peshawar,18910000
1240,2,4,Lahore,14730000
1915,4,2,Karachi,22000000
7297,5,5,Lahore,84060000
1254,2,3,Gujranwala,8630000
2115,4,3,Lahore,24780000
778,1,2,Multan,5460000
1129,3,3,Lahore,14330000
1319,2,2,Gujranwala,8130000
1311,2,1,Rawalpindi,10680000
1188,3,3,Gujranwala,9380000
1013,2,1,Lahore,11420000
4019,6,5,Karachi,45980000
1933,4,3,Karachi,19570000
4018,6,4,Karachi,41840000
3497,4,5,Rawalpindi,31050000
1381,3,4,Islamabad,18730000
1888,4,3,Peshawar,16290000
2811,5,5,Lahore,31040000
1537,4,4,Multan,13370000
4410,5,5,Multan,30300000
9282,6,6,Karachi,101000000
1626,4,3,Faisalabad,13050000
1112,3,4,Multan,9100000
1643,4,3,Rawalpindi,15780000
4899,6,6,Rawalpindi,45640000
1141,1,1,Karachi,11530000
1794,4,4,Islamabad,25220000
1551,3,3,Lahore,20750000
2487,5,4,Lahore,29000000
942,2,2,Islamabad,13430000
1884,3,3,Islamabad,24940000
1327,3,3,Karachi,15050000
1765,4,2,Rawalpindi,14250000
1026,4,3,Islamabad,14180000
4487,5,5,Rawalpindi,43470000
2296,4,3,Karachi,25330000
891,2,3,Lahore,11030000
1662,2,3,Lahore,19420000
2727,6,6,Islamabad,37430000
1507,2,2,Rawalpindi,13640000
2468,5,4,Islamabad,34690000
564,2,2,Rawalpindi,6400000
933,1,3,Rawalpindi,8750000
2326,6,4,Rawalpindi,21070000
1978,4,4,Islamabad,26880000
1113,2,3,Peshawar,9140000
935,3,2,Peshawar,8100000
1037,3,3,Lahore,12390000
1464,3,4,Multan,10970000
1297,2,2,Islamabad,18040000
1657,4,3,Islamabad,25710000
1274,3,4,Lahore,16110000
786,2,2,Lahore,9260000
1274,3,3,Karachi,14250000
1639,3,3,Islamabad,22980000
1666,3,4,Islamabad,22560000
1683,2,3,Lahore,18460000
693,1,2,Karachi,7440000
1340,3,3,Lahore,17320000
1280,2,2,Multan,8250000
3977,6,5,Gujranwala,24630000
2324,6,3,Lahore,26670000
1122,3,3,Islamabad,16380000
1220,3,3,Faisalabad,10620000
2484,5,4,Islamabad,33130000
1356,3,2,Lahore,15850000
1531,4,2,Islamabad,22280000
819,3,4,Gujranwala,7240000
6762,5,7,Peshawar,59190000
3175,6,3,Karachi,30540000
1301,3,3,Lahore,15530000
8043,6,6,Islamabad,120190000
1585,3,3,Karachi,17270000
1986,4,3,Islamabad,23850000
2784,4,4,Lahore,33520000
3064,4,5,Islamabad,42170000
1002,2,2,Multan,7270000
2116,3,2,Karachi,22890000
2950,4,5,Lahore,33920000
2273,3,2,Karachi,23330000
4566,5,4,Lahore,57500000
2539,6,5,Faisalabad,23450000
1663,3,3,Rawalpindi,17010000
1418,4,3,Lahore,17220000
1437,3,4,Islamabad,20900000
5544,6,6,Islamabad,70930000
1077,2,3,Faisalabad,8680000
2160,5,3,Islamabad,30070000
2251,5,3,Karachi,25310000
2248,4,2,Peshawar,17350000
4520,5,5,Lahore,51170000
3089,5,4,Peshawar,25400000
2571,5,5,Karachi,30650000
1497,3,4,Karachi,18300000
4221,5,5,Karachi,45790000
8188,6,6,Rawalpindi,73670000
3657,5,4,Faisalabad,27160000
9365,6,6,Faisalabad,66630000
4080,6,5,Karachi,45160000
916,3,2,Faisalabad,7750000
1845,4,3,Islamabad,26800000
5404,5,5,Islamabad,74400000
3549,4,5,Rawalpindi,34040000
2078,5,3,Lahore,25490000
1147,4,3,Lahore,14730000
1781,2,4,Islamabad,27390000
878,1,1,Lahore,9280000
1799,4,2,Lahore,20320000
855,2,1,Karachi,9160000
4994,6,6,Karachi,57330000
1564,4,4,Peshawar,13530000
1593,5,4,Karachi,19320000
2851,5,4,Lahore,33230000
1323,3,3,Peshawar,11010000
2047,4,2,Rawalpindi,18610000
1624,3,3,Lahore,18500000
2473,6,4,Faisalabad,22200000
1479,2,2,Lahore,17040000
4026,5,5,Multan,24850000
727,1,2,Faisalabad,5600000
5370,5,4,Islamabad,66480000
2125,4,3,Karachi,24840000
1868,4,3,Multan,13320000
2380,4,4,Karachi,25740000
1223,2,3,Rawalpindi,11510000
2824,4,4,Lahore,33330000
2449,4,4,Peshawar,20580000
1437,3,2,Peshawar,11260000
924,2,2,Islamabad,13650000
1940,3,2,Lahore,20920000
764,3,1,Islamabad,12310000
1169,3,3,Islamabad,17720000
5368,5,5,Islamabad,72750000
1815,4,3,Islamabad,23290000
2554,4,4,Rawalpindi,21780000
1347,4,3,Gujranwala,9610000
7331,7,6,Islamabad,101030000
2041,3,4,Lahore,25490000
2265,4,5,Islamabad,32310000
2432,4,3,Lahore,28310000
3615,6,5,Lahore,42470000
6642,6,6,Islamabad,92650000
1145,3,2,Peshawar,9140000
2722,5,4,Islamabad,40530000
6789,6,6,Lahore,82410000
2075,4,4,Rawalpindi,20190000
2935,5,5,Peshawar,23530000
1903,3,2,Islamabad,23300000
1662,4,2,Islamabad,22310000
1597,3,3,Gujranwala,10550000
4691,5,5,Rawalpindi,44080000
1370,3,3,Islamabad,19710000
1029,1,3,Karachi,12150000
1973,4,3,Lahore,22170000
915,3,2,Faisalabad,8580000
1086,2,3,Islamabad,13740000
8066,6,7,Gujranwala,48410000
1179,2,2,Karachi,13710000
1121,4,3,Karachi,13760000
3248,5,4,Islamabad,39490000
1179,3,3,Karachi,14410000
1411,3,2,Islamabad,17760000
1530,3,3,Faisalabad,11240000
2326,5,5,Islamabad,33300000
582,2,3,Karachi,7540000
1400,3,3,Karachi,16990000
1999,4,3,Rawalpindi,18930000
1296,4,2,Islamabad,19950000
2199,5,2,Karachi,24610000
642,2,2,Islamabad,10290000
3451,4,4,Rawalpindi,34170000
1768,4,3,Karachi,21630000
1307,3,4,Lahore,15980000
4100,5,5,Lahore,45980000
864,3,3,Islamabad,12660000
5117,5,6,Islamabad,65010000
2273,4,3,Karachi,23430000
500,2,3,Faisalabad,6050000
2035,4,3,Islamabad,27980000
1566,3,3,Islamabad,22460000
1464,2,3,Islamabad,18860000
1778,4,3,Rawalpindi,15890000
2442,5,4,Islamabad,34830000
1243,3,3,Peshawar,10460000
3857,5,5,Peshawar,32050000
2229,5,2,Islamabad,27530000
1444,4,3,Multan,12330000
3729,5,5,Karachi,39830000
1836,5,3,Karachi,21090000
1579,3,3,Multan,12080000
2012,5,4,Rawalpindi,19900000
1350,3,3,Karachi,16880000
2233,6,4,Islamabad,30060000
2044,4,4,Peshawar,17710000
4918,4,5,Islamabad,55720000
8662,6,6,Rawalpindi,75790000
5110,4,5,Gujranwala,32020000
711,2,2,Rawalpindi,7360000
2786,5,4,Karachi,34970000
1578,3,4,Faisalabad,12150000
2670,5,5,Lahore,31270000
2063,5,4,Gujranwala,15540000
2580,5,5,Islamabad,35870000
2727,6,5,Multan,18460000
5101,5,5,Rawalpindi,44540000
842,3,4,Multan,7900000
4808,4,5,Islamabad,61200000
707,2,2,Lahore,9370000
1341,5,3,Karachi,15920000
1566,3,3,Rawalpindi,14960000
2230,4,3,Peshawar,16940000
2166,4,4,Faisalabad,16850000
1890,4,3,Multan,13840000
7700,6,7,Peshawar,56270000
8783,6,6,Faisalabad,63830000
2894,5,3,Lahore,33920000
733,2,1,Karachi,8180000
1590,3,3,Gujranwala,10730000
2850,6,4,Rawalpindi,27870000
5037,4,5,Lahore,57860000
1401,3,4,Gujranwala,10930000
1855,4,3,Peshawar,14340000
6809,6,6,Islamabad,82350000
699,2,2,Islamabad,10480000
1222,4,4,Islamabad,18600000
6998,5,6,Islamabad,92990000
1487,3,3,Rawalpindi,14610000
778,2,2,Gujranwala,5120000
2198,3,3,Lahore,28060000
1888,3,3,Lahore,23110000
2056,5,4,Faisalabad,16930000
1874,4,4,Gujranwala,14790000
6751,6,5,Karachi,73620000
1349,2,3,Lahore,17580000
5620,5,5,Lahore,64700000
4466,5,4,Peshawar,33070000
4672,4,5,Lahore,53320000
1993,4,4,Karachi,23770000
3142,5,3,Karachi,33680000
1061,2,2,Rawalpindi,9570000
1403,4,3,Karachi,16740000
5310,5,4,Lahore,64060000
2598,5,4,Faisalabad,19100000
673,2,1,Faisalabad,5440000
1675,4,4,Multan,12270000
1277,3,3,Lahore,17220000
1013,2,1,Islamabad,14140000
1112,2,4,Islamabad,15700000
5286,5,5,Karachi,53550000
868,3,2,Islamabad,13220000
1499,4,2,Lahore,20020000
1370,3,2,Rawalpindi,11610000
936,2,2,Lahore,10730000
4616,5,4,Gujranwala,28230000
5124,6,5,Islamabad,70640000
1120,2,3,Islamabad,15340000
2473,5,2,Lahore,27170000
5451,5,6,Islamabad,73430000
2099,3,3,Multan,14920000
961,3,3,Islamabad,14660000
1390,4,3,Islamabad,21110000
857,2,2,Lahore,10590000
1221,3,2,Karachi,12180000
2857,6,4,Karachi,34810000
1530,3,3,Gujranwala,9700000
2080,3,2,Lahore,26200000
5590,4,5,Lahore,64560000
1126,2,2,Gujranwala,7210000
1590,5,3,Rawalpindi,15960000
1472,3,3,Islamabad,20630000
1193,3,3,Islamabad,17000000
1436,2,3,Faisalabad,11810000
5776,6,7,Rawalpindi,52600000
1043,2,3,Islamabad,14770000
1151,3,3,Faisalabad,9550000
6210,6,5,Karachi,71000000
1095,3,4,Faisalabad,10140000
6660,6,6,Peshawar,49840000
2270,5,4,Islamabad,30610000
1559,5,4,Peshawar,14510000
1290,3,3,Rawalpindi,12940000
875,3,2,Faisalabad,7930000
1782,5,2,Lahore,20330000
793,3,3,Islamabad,12040000
3198,5,5,Islamabad,45360000
1095,4,3,Islamabad,14210000
1476,3,3,Islamabad,20250000
2203,6,4,Rawalpindi,22340000
7992,7,5,Peshawar,63260000
2180,4,3,Karachi,23580000
1451,3,2,Gujranwala,10630000
1953,4,3,Multan,15080000
8042,6,5,Lahore,93710000
4517,4,5,Lahore,50770000
5013,5,6,Islamabad,68220000
1734,5,3,Karachi,23750000
2934,4,4,Faisalabad,20330000
7325,7,7,Rawalpindi,62680000
4135,4,6,Peshawar,31620000
2261,6,3,Peshawar,17390000
1663,3,3,Peshawar,12820000
2199,4,2,Peshawar,16250000
2022,4,3,Multan,11850000
2833,6,4,Multan,19280000
2217,5,4,Peshawar,17100000
2428,4,4,Karachi,28600000
1202,3,3,Karachi,14340000
1490,2,3,Karachi,16190000
971,3,3,Multan,7900000
1713,4,3,Lahore,18380000
977,2,2,Karachi,11350000
1261,4,3,Islamabad,16670000
1738,3,3,Islamabad,21500000
1269,3,3,Karachi,14700000
1763,5,3,Rawalpindi,17890000
1262,3,2,Lahore,14340000
994,2,1,Islamabad,12830000
6730,7,5,Rawalpindi,56120000
1217,3,2,Karachi,14760000
5587,4,5,Multan,33910000
1402,4,3,Rawalpindi,13970000
1649,4,2,Karachi,19930000
1993,4,3,Lahore,24610000
2100,6,4,Peshawar,19410000
1570,2,3,Peshawar,12150000
2351,6,4,Karachi,26310000
1026,4,3,Islamabad,17250000
820,3,2,Karachi,10810000
689,2,1,Rawalpindi,7040000
1540,3,3,Islamabad,20720000
2026,5,3,Islamabad,28080000
1167,3,2,Peshawar,9980000
1930,3,3,Rawalpindi,19020000
5423,5,4,Faisalabad,39570000
791,3,2,Islamabad,10350000
3455,6,4,Peshawar,28330000
1572,2,2,Multan,11390000
1181,3,3,Islamabad,17360000
2775,5,5,Peshawar,25030000
1497,3,3,Islamabad,19370000
853,2,2,Lahore,11020000
569,2,3,Islamabad,8790000
1979,3,4,Karachi,22350000
817,2,1,Karachi,8120000
3161,6,4,Karachi,35230000
1182,2,1,Gujranwala,7900000
4732,5,5,Islamabad,66400000
1449,2,4,Lahore,19380000
1533,2,3,Faisalabad,11680000
1262,2,2,Karachi,14740000
1137,3,3,Islamabad,16940000
1794,4,3,Lahore,24130000
1169,2,3,Gujranwala,7030000
823,2,1,Lahore,9710000
2017,5,4,Islamabad,28980000
3006,5,4,Lahore,37790000
1358,3,3,Karachi,13400000
911,3,3,Rawalpindi,8940000
2840,6,4,Multan,21200000
1386,4,3,Gujranwala,9960000
1496,4,4,Lahore,20220000
1086,3,2,Multan,7560000
1404,3,3,Peshawar,13210000
1969,4,2,Lahore,21900000
1677,5,3,Karachi,19760000
1684,4,4,Islamabad,23850000
1263,4,2,Peshawar,11670000
2140,4,2,Karachi,22370000
1808,4,3,Rawalpindi,17520000
5185,5,5,Peshawar,38390000
2503,4,3,Multan,16670000
2501,5,5,Multan,19360000
752,2,4,Lahore,10500000
2051,4,2,Gujranwala,13550000
569,1,2,Islamabad,7770000
2806,5,5,Lahore,33890000
2997,5,4,Peshawar,20940000
671,2,1,Rawalpindi,5680000
1176,4,3,Islamabad,17300000
1530,4,3,Peshawar,15150000
4127,4,5,Karachi,45560000
1826,4,2,Lahore,22200000
822,2,2,Islamabad,10990000
2340,5,4,Faisalabad,18680000
2264,6,5,Islamabad,31200000
1757,2,3,Lahore,20780000
1586,3,3,Gujranwala,10260000
1575,3,2,Peshawar,13000000
2311,4,2,Islamabad,26190000
2087,4,3,Karachi,23390000
7933,6,6,Islamabad,110120000
1514,2,2,Karachi,16530000
1730,3,4,Peshawar,15270000
4806,4,4,Karachi,52530000
1339,4,3,Islamabad,20400000
5333,5,6,Lahore,60570000
2713,6,5,Karachi,29850000
1045,3,2,Islamabad,14560000
2413,5,2,Lahore,27940000
1248,2,3,Rawalpindi,11550000
3638,5,5,Lahore,44010000
1793,4,3,Lahore,22400000
787,2,2,Lahore,9940000
2129,6,3,Islamabad,30710000
2310,4,5,Lahore,29570000
1581,2,3,Lahore,18350000
1227,4,3,Karachi,14680000
2147,5,3,Karachi,25580000
2424,4,2,Lahore,25130000
2707,4,4,Karachi,32490000
1377,3,3,Peshawar,13070000
1699,4,3,Islamabad,29930000
1634,3,3,Peshawar,14890000
1082,3,2,Gujranwala,7360000
2493,6,5,Multan,21360000
3502,5,4,Karachi,41890000
1411,4,3,Islamabad,20230000
1250,3,3,Rawalpindi,12310000
747,1,1,Lahore,8860000
1182,4,2,Lahore,15860000
3164,6,3,Karachi,38660000
4885,5,4,Karachi,48710000
1651,4,4,Karachi,18340000
2167,5,5,Rawalpindi,20090000
2332,6,3,Karachi,26370000
1410,4,4,Lahore,18670000
1213,3,2,Karachi,13370000
2314,4,4,Islamabad,33780000
819,2,1,Karachi,8840000
1526,3,2,Faisalabad,12370000
704,3,2,Lahore,8820000
1497,3,4,Peshawar,12630000
1424,3,3,Rawalpindi,13490000
2516,5,4,Faisalabad,20680000
2153,5,3,Multan,16200000
1261,4,3,Faisalabad,11730000
1987,5,4,Karachi,27230000
3475,5,5,Karachi,41260000
2442,5,4,Lahore,30910000
904,2,1,Faisalabad,6790000
4325,5,6,Lahore,52010000
3071,5,3,Peshawar,24070000
1754,4,2,Rawalpindi,16840000
2223,5,5,Rawalpindi,20800000
1535,2,4,Lahore,19380000
2147,4,3,Rawalpindi,19220000
3389,5,4,Islamabad,49510000
1219,3,2,Peshawar,10940000
6797,7,6,Karachi,75030000
858,2,2,Lahore,10930000
2285,4,3,Lahore,26460000
1454,4,3,Gujranwala,10340000
1309,3,3,Islamabad,17320000
2227,4,4,Karachi,25550000
1124,3,2,Karachi,11980000
2100,3,3,Multan,13900000
1457,3,3,Islamabad,21420000
2040,6,4,Gujranwala,13540000
1543,3,3,Rawalpindi,13580000
1279,3,4,Rawalpindi,13380000
1919,4,2,Karachi,22260000
814,2,3,Islamabad,12500000
2154,3,2,Rawalpindi,17990000
1597,3,3,Islamabad,20220000
1014,3,3,Islamabad,14850000
3294,4,4,Rawalpindi,31420000
1089,3,2,Lahore,13450000
948,2,1,Gujranwala,6050000
1118,2,2,Lahore,12930000
1346,4,3,Lahore,18180000
2449,6,3,Lahore,30790000
1794,4,3,Islamabad,24630000
1892,4,3,Karachi,20500000
1194,2,3,Rawalpindi,10680000
1462,4,4,Gujranwala,12330000
2192,3,3,Gujranwala,13240000
848,2,2,Faisalabad,7290000
1817,2,3,Lahore,19680000
2498,6,3,Islamabad,34820000
2398,4,4,Karachi,31290000
3385,4,3,Lahore,36400000
1136,2,2,Islamabad,15470000
1007,3,2,Rawalpindi,9290000
1943,4,3,Islamabad,27490000
2511,5,3,Karachi,29100000
3775,6,5,Karachi,38470000
5705,4,4,Karachi,60590000
1765,5,3,Lahore,22970000
2904,5,4,Lahore,36400000
1615,4,4,Multan,12410000
2208,4,3,Karachi,24530000
963,3,2,Lahore,12830000
1343,4,2,Islamabad,19090000
1471,2,3,Lahore,16760000
3328,5,3,Islamabad,47630000
2703,5,3,Peshawar,20070000
1693,5,4,Peshawar,14370000
1465,3,3,Faisalabad,12700000
1317,3,2,Karachi,15060000
716,2,2,Lahore,8260000
1300,5,3,Lahore,17190000
3930,5,5,Lahore,49900000
1796,4,4,Gujranwala,13450000
7219,6,7,Peshawar,61100000
1534,2,3,Karachi,14100000
1322,4,3,Islamabad,20650000
1158,4,3,Gujranwala,9620000
1129,4,3,Gujranwala,8290000
684,3,2,Karachi,8540000
6541,6,6,Peshawar,48790000
2204,4,2,Multan,14160000
4673,5,4,Karachi,54020000
2213,6,5,Karachi,25520000
670,3,3,Rawalpindi,8000000
1991,5,2,Lahore,23960000
2408,5,4,Islamabad,34040000
3573,5,5,Lahore,44320000
1583,3,4,Multan,13030000
1032,4,3,Islamabad,15750000
3560,4,4,Karachi,34440000
1957,5,3,Islamabad,26940000
856,2,2,Multan,6950000
1384,4,3,Gujranwala,10970000
1055,3,3,Lahore,12460000
4161,5,4,Islamabad,57480000
1838,4,3,Lahore,23010000
2554,5,5,Multan,16850000
856,2,2,Islamabad,12750000
1843,5,3,Islamabad,26530000
1902,5,2,Lahore,25030000
1299,4,3,Multan,11020000
4014,6,4,Islamabad,51430000
1819,4,3,Lahore,22190000
4875,5,4,Faisalabad,37330000
9500,6,6,Rawalpindi,83750000
1396,3,3,Karachi,16430000
4214,4,5,Multan,27590000
2318,3,2,Rawalpindi,20840000
1412,4,3,Lahore,17010000
1628,5,2,Faisalabad,14070000
1493,3,4,Lahore,19750000
3824,6,4,Rawalpindi,31660000
1835,4,3,Gujranwala,13030000
2005,4,3,Rawalpindi,18180000
3905,6,6,Islamabad,50710000
2794,5,4,Islamabad,40950000
614,3,2,Rawalpindi,6950000
1333,3,2,Karachi,16460000
1540,5,2,Islamabad,23950000
1729,2,4,Islamabad,24710000
2109,6,5,Lahore,27090000
2157,4,4,Lahore,24120000
687,2,1,Lahore,8050000
1520,4,4,Peshawar,15020000
3280,6,3,Faisalabad,23680000
1004,3,3,Karachi,14200000
1762,4,3,Gujranwala,12880000
1729,3,3,Lahore,22600000
1782,3,2,Lahore,19770000
999,1,2,Lahore,10550000
2909,5,3,Multan,19630000
5721,5,4,Gujranwala,33510000
2569,4,2,Lahore,28630000
1982,3,3,Lahore,25880000
726,1,1,Multan,4880000
3050,5,3,Karachi,30560000
2835,5,4,Karachi,32270000
3513,5,3,Lahore,38400000
1968,4,3,Gujranwala,12410000
2886,5,4,Lahore,34460000
2433,5,2,Lahore,29310000
728,2,2,Islamabad,10720000
1421,4,3,Karachi,17960000
1381,3,3,Islamabad,18990000
2657,5,3,Islamabad,35180000
928,2,2,Karachi,10540000
1744,5,3,Karachi,21200000
862,3,2,Peshawar,7810000
1063,1,1,Lahore,12250000
2171,4,2,Lahore,25970000
8551,7,6,Rawalpindi,72230000
6428,5,6,Lahore,73880000
1010,2,1,Karachi,11410000
682,3,2,Rawalpindi,6790000
1523,4,2,Islamabad,21010000
1387,3,2,Islamabad,17630000
1462,2,3,Lahore,17100000
5446,4,5,Multan,33320000
1488,4,3,Gujranwala,10850000
1292,2,1,Rawalpindi,11780000
3155,5,5,Lahore,38130000
1298,4,3,Peshawar,11460000
1205,3,3,Lahore,15780000
1700,4,3,Karachi,19610000
3137,6,4,Islamabad,43250000
2472,5,4,Rawalpindi,22320000
1439,3,3,Islamabad,19790000
5047,5,4,Gujranwala,30660000
2542,4,2,Lahore,28990000
2049,4,3,Islamabad,25900000
1961,3,3,Lahore,24440000
1197,3,3,Multan,9080000
3347,5,5,Islamabad,47210000
1737,3,3,Karachi,19700000
3533,5,4,Karachi,40690000
4811,4,5,Rawalpindi,39880000
984,3,2,Karachi,11810000
2606,5,3,Faisalabad,20130000
3413,4,4,Faisalabad,25160000
7935,7,6,Lahore,97320000
1588,2,3,Multan,11490000
7617,6,5,Islamabad,96720000
2036,4,2,Karachi,21660000
802,3,3,Karachi,10300000
2333,5,3,Karachi,25380000
1325,5,2,Rawalpindi,13350000
1448,2,4,Faisalabad,11890000
919,2,2,Rawalpindi,8220000
2025,4,4,Peshawar,18440000
1230,2,2,Islamabad,18010000
7888,6,6,Rawalpindi,81940000
1014,2,3,Islamabad,14090000
4176,5,4,Multan,27860000
3072,5,5,Rawalpindi,29970000
4036,6,4,Islamabad,53050000
1446,3,3,Faisalabad,12050000
2549,5,4,Islamabad,32680000
811,2,1,Islamabad,10890000
3833,4,6,Rawalpindi,33380000
4169,5,6,Islamabad,56570000
2162,4,3,Peshawar,17990000
961,3,3,Karachi,12290000
1272,3,2,Islamabad,18540000
914,2,1,Karachi,9470000
4225,6,5,Karachi,47320000
1148,4,3,Karachi,14420000
2334,4,2,Islamabad,33240000
1060,2,3,Rawalpindi,11510000
7160,5,7,Faisalabad,52460000
2365,5,5,Karachi,24850000
4112,5,4,Islamabad,58130000
1970,4,2,Islamabad,28250000
5023,6,5,Faisalabad,36990000
799,1,1,Peshawar,5970000
1380,3,3,Multan,10570000
7531,5,6,Lahore,87920000
1291,3,2,Rawalpindi,12150000
2540,4,4,Gujranwala,15690000
2785,5,4,Islamabad,38850000
2087,4,4,Karachi,26570000
2164,4,2,Islamabad,29770000
1029,4,3,Islamabad,16490000
1600,3,4,Lahore,19560000
7263,6,6,Islamabad,102840000
1637,3,3,Multan,11650000
719,2,2,Faisalabad,6450000
1304,3,3,Karachi,15710000
2112,4,2,Lahore,24820000
7993,6,6,Faisalabad,57820000
1796,3,3,Lahore,20780000
1750,3,3,Lahore,18420000
1674,4,2,Islamabad,23680000
2649,6,4,Faisalabad,20350000
1437,4,3,Karachi,17120000
1768,3,3,Lahore,23020000
2097,5,4,Gujranwala,14730000
2201,4,3,Peshawar,20120000
996,3,2,Rawalpindi,9530000
4073,5,5,Islamabad,60180000
4258,4,4,Karachi,44290000
1101,1,2,Lahore,13880000
4172,5,5,Gujranwala,25990000
1650,4,3,Karachi,20040000
6696,6,6,Lahore,85980000
1980,5,5,Lahore,24510000
1914,3,2,Karachi,19800000
1475,2,3,Rawalpindi,13530000
1082,2,3,Karachi,13780000
6474,6,5,Karachi,71000000
2350,5,3,Karachi,26370000
3713,6,4,Rawalpindi,35710000
1686,4,2,Islamabad,24370000
1098,1,1,Gujranwala,6680000
557,3,2,Islamabad,9140000
1564,4,3,Rawalpindi,14370000
1223,3,4,Karachi,16510000
1449,3,2,Peshawar,11440000
907,3,4,Rawalpindi,9980000
2433,5,3,Islamabad,34410000
2449,5,3,Peshawar,21270000
2358,4,4,Multan,17810000
3774,6,5,Rawalpindi,34880000
7372,6,6,Rawalpindi,61980000
8958,7,6,Faisalabad,64580000
2147,4,2,Lahore,25270000
783,2,2,Gujranwala,5350000
4381,5,5,Lahore,53060000
913,3,3,Rawalpindi,9080000
2490,5,3,Rawalpindi,24440000
2539,5,5,Karachi,33210000
2517,5,4,Karachi,28720000
1232,3,4,Peshawar,12270000
1382,2,3,Lahore,18100000
1935,4,2,Islamabad,26380000
2147,4,3,Lahore,27350000
788,3,1,Peshawar,6910000
1572,3,2,Faisalabad,11840000
5620,5,5,Lahore,58650000
2327,5,5,Lahore,30230000
1555,2,2,Multan,10010000
1023,4,3,Faisalabad,8340000
1295,4,3,Multan,10610000
6342,5,5,Karachi,59900000
1429,3,3,Karachi,17450000
1457,2,3,Rawalpindi,12650000
1591,4,4,Islamabad,23390000
2598,6,5,Karachi,31590000
823,2,3,Faisalabad,7320000
903,3,3,Karachi,10580000
1526,3,3,Lahore,18540000
2695,5,4,Islamabad,37220000
2324,5,2,Peshawar,19510000
1494,3,3,Gujranwala,11360000
1469,2,3,Lahore,15550000
1391,3,3,Lahore,15700000
973,2,1,Lahore,12050000
1350,3,3,Faisalabad,11490000
1004,4,3,Faisalabad,8340000
1169,3,3,Lahore,13890000
996,2,2,Islamabad,14340000
2512,5,4,Islamabad,34920000
1307,3,3,Karachi,15080000
5009,4,5,Faisalabad,33830000
2579,5,3,Lahore,32070000
1455,4,4,Lahore,17470000
1215,4,3,Peshawar,11770000
1098,3,1,Peshawar,9190000
1157,1,1,Multan,7510000
1425,4,3,Peshawar,12280000
941,2,3,Islamabad,14890000
864,2,3,Karachi,10940000
1642,4,3,Multan,13550000
2009,5,3,Multan,15170000
1088,2,2,Faisalabad,8410000
2904,5,4,Peshawar,22790000
2104,6,3,Karachi,22850000
2490,3,3,Gujranwala,14440000
1236,3,2,Gujranwala,9460000
8019,6,6,Karachi,82480000
1780,4,3,Rawalpindi,17110000
6118,6,6,Gujranwala,34380000
812,2,2,Lahore,9380000
4205,5,4,Islamabad,56960000
1710,4,3,Gujranwala,12280000
1656,5,3,Rawalpindi,16530000
5161,6,6,Islamabad,69810000
791,2,4,Islamabad,10950000
1060,4,2,Lahore,14270000
1523,4,3,Islamabad,21410000
862,1,1,Multan,5620000
1099,3,3,Karachi,12630000
1956,5,2,Islamabad,28310000
2086,3,4,Gujranwala,16040000
1159,2,2,Rawalpindi,11430000
2111,4,3,Karachi,23070000
2638,4,4,Lahore,31450000
2474,5,5,Gujranwala,15600000
1965,4,4,Peshawar,16430000
2502,6,3,Karachi,30330000
8730,6,6,Peshawar,61820000
1729,4,3,Faisalabad,14630000
1123,3,2,Rawalpindi,11810000
1937,4,4,Rawalpindi,18640000
1454,3,3,Rawalpindi,14160000
7373,6,5,Faisalabad,54080000
5285,5,5,Lahore,55380000
839,4,4,Islamabad,13110000
5197,5,5,Karachi,54440000
717,2,1,Karachi,7460000
3207,4,4,Rawalpindi,29420000
2337,4,3,Gujranwala,15790000
784,2,3,Multan,6740000
4450,5,5,Faisalabad,33870000
1362,4,3,Lahore,18920000
1436,5,3,Islamabad,18130000
3353,4,3,Multan,22290000
1865,3,3,Islamabad,25840000
3461,5,4,Lahore,33580000
3476,5,4,Islamabad,48590000
7677,6,5,Lahore,89440000
995,2,3,Karachi,12790000
2867,6,5,Lahore,34990000
1824,3,2,Karachi,19830000
1056,3,4,Karachi,14010000
851,2,2,Lahore,9960000
907,3,3,Rawalpindi,9810000
1212,3,2,Lahore,14990000
1673,3,3,Karachi,20910000
4291,5,5,Karachi,47560000
1903,4,3,Islamabad,26610000
1483,2,3,Faisalabad,11460000
2920,5,4,Gujranwala,17220000
1634,4,2,Lahore,20310000
1581,3,2,Faisalabad,11820000
2010,4,4,Islamabad,28280000
4937,4,5,Islamabad,64730000
6915,6,6,Peshawar,57600000
1425,4,4,Islamabad,18880000
686,1,2,Islamabad,8940000
1293,4,4,Karachi,16650000
700,2,1,Lahore,8270000
1047,2,4,Karachi,12840000
1066,2,2,Rawalpindi,10730000
947,3,4,Multan,7950000
2855,6,5,Faisalabad,23080000
1228,4,3,Gujranwala,10440000
611,3,3,Multan,6200000
726,2,2,Lahore,8980000
7991,6,6,Rawalpindi,71340000
1302,3,3,Lahore,15990000
3511,6,4,Islamabad,48130000
1604,3,2,Karachi,16980000
2528,4,2,Islamabad,32320000
4791,5,5,Karachi,49510000
5128,5,5,Islamabad,70010000
1749,2,3,Peshawar,12640000
1185,4,4,Islamabad,18180000
2592,6,3,Rawalpindi,24780000
2139,4,3,Lahore,22860000
1451,3,2,Rawalpindi,12430000
1388,3,3,Lahore,15910000
1253,2,2,Faisalabad,8730000
1984,4,4,Peshawar,16080000
3162,6,4,Rawalpindi,29020000
1038,2,1,Rawalpindi,9700000
